GAS LISTING /tmp/ccIe1MKi.s 			page 1


   1              		.file	"riscv.cpp"
   2              		.option pic
   3              		.option norelax
   4              		.text
   5              	.Ltext0:
   6              		.align	2
   7              		.globl	_ZN5Riscv10popSppSpieEv
   9              	_ZN5Riscv10popSppSpieEv:
  10              	.LFB56:
  11              		.file 1 "src/riscv.cpp"
   1:src/riscv.cpp **** #include "../h/riscv.hpp"
   2:src/riscv.cpp **** #include "../h/printing.hpp"
   3:src/riscv.cpp **** #include "../h/tcb.hpp"
   4:src/riscv.cpp **** 
   5:src/riscv.cpp **** 
   6:src/riscv.cpp **** void Riscv::popSppSpie() {
  12              		.loc 1 6 26
  13              		.cfi_startproc
  14 0000 130101FF 		addi	sp,sp,-16
  15              		.cfi_def_cfa_offset 16
  16 0004 23348100 		sd	s0,8(sp)
  17              		.cfi_offset 8, -8
  18 0008 13040101 		addi	s0,sp,16
  19              		.cfi_def_cfa 8, 0
   7:src/riscv.cpp ****     __asm__ volatile("csrw sepc, ra");
  20              		.loc 1 7 5
  21              		.loc 1 7 38 is_stmt 0
  22              	#APP
  23              	# 7 "src/riscv.cpp" 1
   8              	    __asm__ volatile("sret");
  24              		csrw sepc, ra
  25              	# 0 "" 2
  26              		.loc 1 8 5 is_stmt 1
  27              		.loc 1 8 29 is_stmt 0
  28              	# 8 "src/riscv.cpp" 1
   9              	}
  29              		sret
  30              	# 0 "" 2
  31              		.loc 1 9 1
  32              	#NO_APP
  33 0014 03348100 		ld	s0,8(sp)
  34              		.cfi_restore 8
  35              		.cfi_def_cfa 2, 16
  36 0018 13010101 		addi	sp,sp,16
  37              		.cfi_def_cfa_offset 0
  38 001c 67800000 		jr	ra
  39              		.cfi_endproc
  40              	.LFE56:
  42              		.section	.rodata.str1.8,"aMS",@progbits,1
  43              		.align	3
  44              	.LC0:
  45 0000 756E6578 		.string	"unexpected cause: "
  45      70656374 
  45      65642063 
  45      61757365 
  45      3A2000
  46 0013 00000000 		.align	3
GAS LISTING /tmp/ccIe1MKi.s 			page 2


  46      00
  47              	.LC1:
  48 0018 0A00     		.string	"\n"
  49 001a 00000000 		.align	3
  49      0000
  50              	.LC2:
  51 0020 73657063 		.string	"sepc: "
  51      3A2000
  52 0027 00       		.align	3
  53              	.LC3:
  54 0028 73747661 		.string	"stval: "
  54      6C3A2000 
  55              		.text
  56              		.align	2
  57              		.globl	_ZN5Riscv20handleSupervisorTrapEv
  59              	_ZN5Riscv20handleSupervisorTrapEv:
  60              	.LFB57:
  10:src/riscv.cpp **** 
  11:src/riscv.cpp **** void Riscv::handleSupervisorTrap() {
  61              		.loc 1 11 36 is_stmt 1
  62              		.cfi_startproc
  63 0020 130101F0 		addi	sp,sp,-256
  64              		.cfi_def_cfa_offset 256
  65 0024 233C110E 		sd	ra,248(sp)
  66 0028 2338810E 		sd	s0,240(sp)
  67 002c 2334910E 		sd	s1,232(sp)
  68 0030 2330210F 		sd	s2,224(sp)
  69              		.cfi_offset 1, -8
  70              		.cfi_offset 8, -16
  71              		.cfi_offset 9, -24
  72              		.cfi_offset 18, -32
  73 0034 13040110 		addi	s0,sp,256
  74              		.cfi_def_cfa 8, 0
  12:src/riscv.cpp ****     uint64 cause = Riscv::r_scause();
  75              		.loc 1 12 5
  76              	.LBB163:
  77              	.LBB164:
  78              		.file 2 "src/../h/riscv.hpp"
   1:src/../h/riscv.hpp **** //
   2:src/../h/riscv.hpp **** // Created by marko on 20.4.22.
   3:src/../h/riscv.hpp **** //
   4:src/../h/riscv.hpp **** 
   5:src/../h/riscv.hpp **** #ifndef OS1_RISCV_CONTEXT_SWITCH_SYNCHORNOUS_RISCV_HPP
   6:src/../h/riscv.hpp **** #define OS1_RISCV_CONTEXT_SWITCH_SYNCHORNOUS_RISCV_HPP
   7:src/../h/riscv.hpp **** 
   8:src/../h/riscv.hpp **** #include "../h/tcb.hpp"
   9:src/../h/riscv.hpp **** #include "../h/memory_allocator.hpp"
  10:src/../h/riscv.hpp **** #include "../lib/hw.h"
  11:src/../h/riscv.hpp **** #include "syscall_abi.h"
  12:src/../h/riscv.hpp **** #include "../h/consoleKernel.hpp"
  13:src/../h/riscv.hpp **** #include "../h/console.hpp"
  14:src/../h/riscv.hpp **** 
  15:src/../h/riscv.hpp **** class Riscv
  16:src/../h/riscv.hpp **** {
  17:src/../h/riscv.hpp **** public:
  18:src/../h/riscv.hpp ****     static void popSppSpie();
  19:src/../h/riscv.hpp ****     static void handleSupervisorTrap();
GAS LISTING /tmp/ccIe1MKi.s 			page 3


  20:src/../h/riscv.hpp ****     static void supervisorTrap();
  21:src/../h/riscv.hpp ****     static void pushRegisters();
  22:src/../h/riscv.hpp ****     static void popRegisters();
  23:src/../h/riscv.hpp **** 
  24:src/../h/riscv.hpp ****     // read register scause
  25:src/../h/riscv.hpp ****     static uint64 r_scause();
  26:src/../h/riscv.hpp **** 
  27:src/../h/riscv.hpp ****     // write register scause
  28:src/../h/riscv.hpp ****     static void w_scause(uint64 scause);
  29:src/../h/riscv.hpp **** 
  30:src/../h/riscv.hpp ****     // read register sepc
  31:src/../h/riscv.hpp ****     static uint64 r_sepc();
  32:src/../h/riscv.hpp **** 
  33:src/../h/riscv.hpp ****     // write register sepc
  34:src/../h/riscv.hpp ****     static void w_sepc(uint64 sepc);
  35:src/../h/riscv.hpp **** 
  36:src/../h/riscv.hpp ****     // read register stvec
  37:src/../h/riscv.hpp ****     static uint64 r_stvec();
  38:src/../h/riscv.hpp **** 
  39:src/../h/riscv.hpp ****     // write register stvec
  40:src/../h/riscv.hpp ****     static void w_stvec(uint64 stvec);
  41:src/../h/riscv.hpp **** 
  42:src/../h/riscv.hpp ****     // read register stval
  43:src/../h/riscv.hpp ****     static uint64 r_stval();
  44:src/../h/riscv.hpp **** 
  45:src/../h/riscv.hpp ****     // write register stvalhandleSupervisorTrap()
  46:src/../h/riscv.hpp ****     static void w_stval(uint64 stval);
  47:src/../h/riscv.hpp **** 
  48:src/../h/riscv.hpp ****     // read register a0 (System Call Code - call)
  49:src/../h/riscv.hpp ****     static uint64 r_a0();
  50:src/../h/riscv.hpp **** 
  51:src/../h/riscv.hpp ****     static uint64 r_a1();
  52:src/../h/riscv.hpp **** 
  53:src/../h/riscv.hpp ****     static uint64 r_a2();
  54:src/../h/riscv.hpp **** 
  55:src/../h/riscv.hpp ****     static uint64 r_a3();
  56:src/../h/riscv.hpp **** 
  57:src/../h/riscv.hpp **** 
  58:src/../h/riscv.hpp **** 
  59:src/../h/riscv.hpp ****     static void w_a0(uint64 val);
  60:src/../h/riscv.hpp **** 
  61:src/../h/riscv.hpp ****     static void w_a1(uint64 val);
  62:src/../h/riscv.hpp **** 
  63:src/../h/riscv.hpp ****     static void w_a2(uint64 val);
  64:src/../h/riscv.hpp **** 
  65:src/../h/riscv.hpp ****     static void w_a3(uint64 val);
  66:src/../h/riscv.hpp **** 
  67:src/../h/riscv.hpp ****     enum BitMaskSip
  68:src/../h/riscv.hpp ****     {
  69:src/../h/riscv.hpp ****         SIP_SSIP = (1 << 1),
  70:src/../h/riscv.hpp ****         SIP_STIP = (1 << 5),
  71:src/../h/riscv.hpp ****         SIP_SEIP = (1 << 9),
  72:src/../h/riscv.hpp ****     };
  73:src/../h/riscv.hpp **** 
  74:src/../h/riscv.hpp **** // mask set register sip
  75:src/../h/riscv.hpp ****     static void mc_sip(uint64 mask);
  76:src/../h/riscv.hpp **** 
GAS LISTING /tmp/ccIe1MKi.s 			page 4


  77:src/../h/riscv.hpp ****     // read register sip
  78:src/../h/riscv.hpp ****     static uint64 r_sip();
  79:src/../h/riscv.hpp **** 
  80:src/../h/riscv.hpp ****     // write register sip
  81:src/../h/riscv.hpp ****     static void w_sip(uint64 sip);
  82:src/../h/riscv.hpp **** 
  83:src/../h/riscv.hpp ****     enum BitMaskSstatus
  84:src/../h/riscv.hpp ****     {
  85:src/../h/riscv.hpp ****         SSTATUS_SIE  = (1 << 1),
  86:src/../h/riscv.hpp ****         SSTATUS_SPIE = (1 << 5),
  87:src/../h/riscv.hpp ****         SSTATUS_SPP  = (1 << 8),
  88:src/../h/riscv.hpp ****     };
  89:src/../h/riscv.hpp **** 
  90:src/../h/riscv.hpp ****     // mask set register sstatus
  91:src/../h/riscv.hpp ****     static void ms_sstatus(uint64 mask);
  92:src/../h/riscv.hpp **** 
  93:src/../h/riscv.hpp ****     // mask clear register sstatus
  94:src/../h/riscv.hpp ****     static void mc_sstatus(uint64 mask);
  95:src/../h/riscv.hpp **** 
  96:src/../h/riscv.hpp ****     // read register sstatus
  97:src/../h/riscv.hpp ****     static uint64 r_sstatus();
  98:src/../h/riscv.hpp **** 
  99:src/../h/riscv.hpp ****     // write register sstatus
 100:src/../h/riscv.hpp ****     static void w_sstatus(uint64 sstatus);
 101:src/../h/riscv.hpp **** 
 102:src/../h/riscv.hpp **** private:
 103:src/../h/riscv.hpp **** 
 104:src/../h/riscv.hpp **** };
 105:src/../h/riscv.hpp **** 
 106:src/../h/riscv.hpp **** 
 107:src/../h/riscv.hpp **** ////////////////////////////////////////////////////
 108:src/../h/riscv.hpp **** 
 109:src/../h/riscv.hpp **** 
 110:src/../h/riscv.hpp **** inline uint64 Riscv::r_a0() {
 111:src/../h/riscv.hpp ****     uint64 volatile a0;
 112:src/../h/riscv.hpp ****     asm volatile("mv %0, a0" : "=r"(a0));
 113:src/../h/riscv.hpp ****     return a0;
 114:src/../h/riscv.hpp **** }
 115:src/../h/riscv.hpp **** 
 116:src/../h/riscv.hpp **** inline uint64 Riscv::r_a1() {
 117:src/../h/riscv.hpp ****     uint64 volatile a1;
 118:src/../h/riscv.hpp ****     asm volatile("mv %0, a1" : "=r"(a1));
 119:src/../h/riscv.hpp ****     return a1;
 120:src/../h/riscv.hpp **** }
 121:src/../h/riscv.hpp **** 
 122:src/../h/riscv.hpp **** inline uint64 Riscv::r_a2() {
 123:src/../h/riscv.hpp ****     uint64 volatile a2;
 124:src/../h/riscv.hpp ****     asm volatile("mv %0, a2" : "=r"(a2));
 125:src/../h/riscv.hpp ****     return a2;
 126:src/../h/riscv.hpp **** }
 127:src/../h/riscv.hpp **** 
 128:src/../h/riscv.hpp **** inline uint64 Riscv::r_a3() {
 129:src/../h/riscv.hpp ****     uint64 volatile a3;
 130:src/../h/riscv.hpp ****     asm volatile("mv %0, a3" : "=r"(a3));
 131:src/../h/riscv.hpp ****     return a3;
 132:src/../h/riscv.hpp **** }
 133:src/../h/riscv.hpp **** 
GAS LISTING /tmp/ccIe1MKi.s 			page 5


 134:src/../h/riscv.hpp **** inline void Riscv::w_a0(uint64 val) {
 135:src/../h/riscv.hpp ****     asm volatile ("mv a0, %0" :: "r"(val));
 136:src/../h/riscv.hpp **** }
 137:src/../h/riscv.hpp **** 
 138:src/../h/riscv.hpp **** inline void Riscv::w_a1(uint64 val) {
 139:src/../h/riscv.hpp ****     asm volatile ("mv a1, %0" :: "r"(val));
 140:src/../h/riscv.hpp **** }
 141:src/../h/riscv.hpp **** 
 142:src/../h/riscv.hpp **** inline void Riscv::w_a2(uint64 val) {
 143:src/../h/riscv.hpp ****     asm volatile ("mv a2, %0" :: "r"(val));
 144:src/../h/riscv.hpp **** }
 145:src/../h/riscv.hpp **** 
 146:src/../h/riscv.hpp **** inline void Riscv::w_a3(uint64 val) {
 147:src/../h/riscv.hpp ****     asm volatile ("mv a3, %0" :: "r"(val));
 148:src/../h/riscv.hpp **** }
 149:src/../h/riscv.hpp **** 
 150:src/../h/riscv.hpp **** inline uint64 Riscv::r_scause()
 151:src/../h/riscv.hpp **** {
 152:src/../h/riscv.hpp ****     uint64 volatile scause;
  79              		.loc 2 152 5
 153:src/../h/riscv.hpp ****     __asm__ volatile ("csrr %[scause], scause"
  80              		.loc 2 153 5
 154:src/../h/riscv.hpp ****     : [scause] "=r"(scause));
  81              		.loc 2 154 29 is_stmt 0
  82              	#APP
  83              	# 154 "src/../h/riscv.hpp" 1
 155              	    return scause;
  84              		csrr a5, scause
  85              	# 0 "" 2
  86              	#NO_APP
  87 003c 2334F4F0 		sd	a5,-248(s0)
  88              		.loc 2 155 5 is_stmt 1
  89              		.loc 2 155 12 is_stmt 0
  90 0040 833484F0 		ld	s1,-248(s0)
  91              	.LVL0:
  92              	.LBE164:
  93              	.LBE163:
  13:src/riscv.cpp **** 
  14:src/riscv.cpp ****     // Čitanje argumenata iz registara (za sistemske pozive)
  15:src/riscv.cpp ****     volatile uint64 sys_code, arg1, arg2, arg3; // bilo je bez volatile i tamo <0
  94              		.loc 1 15 5 is_stmt 1
  16:src/riscv.cpp ****     asm volatile("mv %0, a0" : "=r"(sys_code));
  95              		.loc 1 16 5
  96              		.loc 1 16 47 is_stmt 0
  97              	#APP
  98              	# 16 "src/riscv.cpp" 1
  17              	    asm volatile("mv %0, a1" : "=r"(arg1));
  99              		mv a5, a0
 100              	# 0 "" 2
 101              	#NO_APP
 102 0048 233CF4FC 		sd	a5,-40(s0)
 103              		.loc 1 17 5 is_stmt 1
 104              		.loc 1 17 43 is_stmt 0
 105              	#APP
 106              	# 17 "src/riscv.cpp" 1
  18              	    asm volatile("mv %0, a2" : "=r"(arg2));
 107              		mv a5, a1
GAS LISTING /tmp/ccIe1MKi.s 			page 6


 108              	# 0 "" 2
 109              	#NO_APP
 110 0050 2338F4FC 		sd	a5,-48(s0)
 111              		.loc 1 18 5 is_stmt 1
 112              		.loc 1 18 43 is_stmt 0
 113              	#APP
 114              	# 18 "src/riscv.cpp" 1
  19              	    asm volatile("mv %0, a3" : "=r"(arg3));
 115              		mv a5, a2
 116              	# 0 "" 2
 117              	#NO_APP
 118 0058 2334F4FC 		sd	a5,-56(s0)
 119              		.loc 1 19 5 is_stmt 1
 120              		.loc 1 19 43 is_stmt 0
 121              	#APP
 122              	# 19 "src/riscv.cpp" 1
  20              	    volatile uint64 return_value = 0;
 123              		mv a5, a3
 124              	# 0 "" 2
 125              	#NO_APP
 126 0060 2330F4FC 		sd	a5,-64(s0)
 127              		.loc 1 20 5 is_stmt 1
 128              		.loc 1 20 21 is_stmt 0
 129 0064 233C04FA 		sd	zero,-72(s0)
  21:src/riscv.cpp **** 
  22:src/riscv.cpp **** 
  23:src/riscv.cpp ****     if (cause == 0x8 || cause == 0x9) {
 130              		.loc 1 23 5 is_stmt 1
 131              	.LBB165:
 132              		.loc 1 23 22 is_stmt 0
 133 0068 138784FF 		addi	a4,s1,-8
 134              		.loc 1 23 5
 135 006c 93071000 		li	a5,1
 136 0070 63FAE70C 		bleu	a4,a5,.L28
 137              	.LBE165:
  24:src/riscv.cpp ****         if (sys_code == 0x13) {
  25:src/riscv.cpp ****             uint64 sepc = Riscv::r_sepc() + 4;
  26:src/riscv.cpp ****             uint64 sstatus = r_sstatus();
  27:src/riscv.cpp ****             thread_dispatch_abi();
  28:src/riscv.cpp ****             w_sepc(sepc);
  29:src/riscv.cpp ****             w_sstatus(sstatus);
  30:src/riscv.cpp ****             return;
  31:src/riscv.cpp ****         }
  32:src/riscv.cpp ****         else if (sys_code == 0x1) {
  33:src/riscv.cpp ****             uint64 sepc = Riscv::r_sepc() + 4;
  34:src/riscv.cpp ****             size_t bytes = (size_t)arg1;
  35:src/riscv.cpp ****             size_t blocks = (bytes + MEM_BLOCK_SIZE - 1) / MEM_BLOCK_SIZE;
  36:src/riscv.cpp ****             return_value = (uint64)mem_alloc_abi(blocks);
  37:src/riscv.cpp ****             w_sepc(sepc);
  38:src/riscv.cpp ****             Riscv::w_a0(return_value);
  39:src/riscv.cpp ****         }
  40:src/riscv.cpp ****         else if (sys_code == 0x2) {
  41:src/riscv.cpp ****             uint64 sepc = Riscv::r_sepc() + 4;
  42:src/riscv.cpp ****             int status = mem_free_abi((void*)arg1);
  43:src/riscv.cpp ****             return_value = (uint64)status;
  44:src/riscv.cpp ****             w_sepc(sepc);
  45:src/riscv.cpp ****             Riscv::w_a0(return_value);
GAS LISTING /tmp/ccIe1MKi.s 			page 7


  46:src/riscv.cpp **** 
  47:src/riscv.cpp ****         }
  48:src/riscv.cpp ****         else if (sys_code == 0x11) {
  49:src/riscv.cpp ****             uint64 sepc = Riscv::r_sepc() + 4;
  50:src/riscv.cpp ****             void* stack = MemoryAllocator::allocate(DEFAULT_STACK_SIZE);
  51:src/riscv.cpp ****             int status = thread_create_abi((thread_t*)arg1, (TCB::Body)arg2, (void*)arg3, stack);
  52:src/riscv.cpp ****             return_value = (uint64)status;
  53:src/riscv.cpp ****             w_sepc(sepc);
  54:src/riscv.cpp ****             Riscv::w_a0(return_value);
  55:src/riscv.cpp ****         }
  56:src/riscv.cpp ****         else if (sys_code == 0x12) {
  57:src/riscv.cpp ****             uint64 sepc = Riscv::r_sepc() + 4;
  58:src/riscv.cpp ****             uint64 sstatus = r_sstatus();
  59:src/riscv.cpp ****             thread_exit_abi();
  60:src/riscv.cpp ****             w_sepc(sepc);
  61:src/riscv.cpp ****             w_sstatus(sstatus);
  62:src/riscv.cpp ****             Riscv::w_a0(0);
  63:src/riscv.cpp ****         }
  64:src/riscv.cpp **** 
  65:src/riscv.cpp ****         else if (sys_code == 0x15) {
  66:src/riscv.cpp ****             uint64 sepc = Riscv::r_sepc() + 4;
  67:src/riscv.cpp ****             TCB* current = TCB::running;
  68:src/riscv.cpp ****             current->sleepTimeSlice = arg1;
  69:src/riscv.cpp ****             current->setBlocked(true);
  70:src/riscv.cpp ****             Scheduler::putS(current);
  71:src/riscv.cpp ****             TCB::dispatch();
  72:src/riscv.cpp ****             w_sepc(sepc);
  73:src/riscv.cpp ****         }
  74:src/riscv.cpp **** 
  75:src/riscv.cpp ****         else if (sys_code == 0x31) {
  76:src/riscv.cpp ****             uint64 sepc = Riscv::r_sepc() + 4;
  77:src/riscv.cpp ****             thread_sleep_abi((time_t)arg1);
  78:src/riscv.cpp ****             TCB::dispatch();
  79:src/riscv.cpp ****             w_sepc(sepc);
  80:src/riscv.cpp ****         }
  81:src/riscv.cpp **** 
  82:src/riscv.cpp ****         else if (sys_code == 0x21) {
  83:src/riscv.cpp ****             uint64 sepc = Riscv::r_sepc() + 4;
  84:src/riscv.cpp ****             int status = sem_open_abi((sem_t*)arg1, (int)arg2);
  85:src/riscv.cpp ****             return_value = (uint64)status;
  86:src/riscv.cpp ****             w_sepc(sepc);
  87:src/riscv.cpp ****             Riscv::w_a0(return_value);
  88:src/riscv.cpp ****         }
  89:src/riscv.cpp **** 
  90:src/riscv.cpp ****         else if (sys_code == 0x22) {
  91:src/riscv.cpp ****             uint64 sepc = Riscv::r_sepc() + 4;
  92:src/riscv.cpp ****             int status = sem_close_abi((sem_t)arg1);
  93:src/riscv.cpp ****             return_value = (uint64)status;
  94:src/riscv.cpp ****             w_sepc(sepc);
  95:src/riscv.cpp ****             Riscv::w_a0(return_value);
  96:src/riscv.cpp ****         }
  97:src/riscv.cpp ****         else if (sys_code == 0x23) {
  98:src/riscv.cpp ****             uint64 sepc = Riscv::r_sepc() + 4;
  99:src/riscv.cpp ****             int status = sem_wait_abi((sem_t)arg1);
 100:src/riscv.cpp ****             return_value = (uint64)status;
 101:src/riscv.cpp ****             w_sepc(sepc);
 102:src/riscv.cpp ****             Riscv::w_a0(return_value);
GAS LISTING /tmp/ccIe1MKi.s 			page 8


 103:src/riscv.cpp ****         }
 104:src/riscv.cpp ****         else if (sys_code == 0x24) {
 105:src/riscv.cpp ****             uint64 sepc = Riscv::r_sepc() + 4;
 106:src/riscv.cpp ****             int status = sem_signal_abi((sem_t)arg1);
 107:src/riscv.cpp ****             return_value = (uint64)status;
 108:src/riscv.cpp ****             w_sepc(sepc);
 109:src/riscv.cpp ****             Riscv::w_a0(return_value);
 110:src/riscv.cpp ****         }
 111:src/riscv.cpp ****         else if (sys_code == 0x25) {
 112:src/riscv.cpp ****             uint64 sepc = Riscv::r_sepc() + 4;
 113:src/riscv.cpp ****             int status = sem_wait_n_abi((sem_t)arg1, (int)arg2);
 114:src/riscv.cpp ****             return_value = (uint64)status;
 115:src/riscv.cpp ****             w_sepc(sepc);
 116:src/riscv.cpp ****             Riscv::w_a0(return_value);
 117:src/riscv.cpp **** 
 118:src/riscv.cpp ****         }
 119:src/riscv.cpp ****         else if (sys_code == 0x26) {
 120:src/riscv.cpp ****             uint64 sepc = Riscv::r_sepc() + 4;
 121:src/riscv.cpp ****             int status = sem_signal_n_abi((sem_t)arg1, (int)arg2);
 122:src/riscv.cpp ****             return_value = (uint64)status;
 123:src/riscv.cpp ****             w_sepc(sepc);
 124:src/riscv.cpp ****             Riscv::w_a0(return_value);
 125:src/riscv.cpp ****         }
 126:src/riscv.cpp ****         else if (sys_code == 0x41) {
 127:src/riscv.cpp ****             uint64 sepc = Riscv::r_sepc() + 4;
 128:src/riscv.cpp ****             char ret = getc_abi();
 129:src/riscv.cpp ****             return_value = (uint64)ret;
 130:src/riscv.cpp ****             w_sepc(sepc);
 131:src/riscv.cpp ****             Riscv::w_a0(return_value);
 132:src/riscv.cpp ****         }
 133:src/riscv.cpp ****         else if (sys_code == 0x42) {
 134:src/riscv.cpp ****             uint64 sepc = Riscv::r_sepc() + 4;
 135:src/riscv.cpp ****             putc_abi(arg1);
 136:src/riscv.cpp ****             w_sepc(sepc);
 137:src/riscv.cpp ****             Riscv::w_a0(return_value);
 138:src/riscv.cpp ****         }
 139:src/riscv.cpp ****         else if (sys_code == 0x51) {
 140:src/riscv.cpp ****             uint64 sepc = Riscv::r_sepc() + 4;
 141:src/riscv.cpp ****             TCB::setPartner((TCB*)arg1, (TCB*)arg2);
 142:src/riscv.cpp ****             w_sepc(sepc);
 143:src/riscv.cpp ****         }
 144:src/riscv.cpp ****         else if (sys_code == 0x53) {
 145:src/riscv.cpp ****             uint64 sepc = Riscv::r_sepc() + 4;
 146:src/riscv.cpp ****             sync_thread_abi();
 147:src/riscv.cpp ****             w_sepc(sepc);
 148:src/riscv.cpp ****         }
 149:src/riscv.cpp **** 
 150:src/riscv.cpp **** 
 151:src/riscv.cpp ****     }
 152:src/riscv.cpp **** 
 153:src/riscv.cpp ****     else if (cause == 0x8000000000000001UL) {
 138              		.loc 1 153 10 is_stmt 1
 139              	.LBB482:
 140              	.LBB166:
 141 0074 9307F0FF 		li	a5,-1
 142 0078 9397F703 		slli	a5,a5,63
 143 007c 93871700 		addi	a5,a5,1
GAS LISTING /tmp/ccIe1MKi.s 			page 9


 144 0080 638AF44E 		beq	s1,a5,.L29
 145              	.LBE166:
 146              	.LBE482:
 154:src/riscv.cpp **** 
 155:src/riscv.cpp ****         TCB::update_sleeping_threads();
 156:src/riscv.cpp ****         TCB::timeSliceCounter++;
 157:src/riscv.cpp ****         if (TCB::timeSliceCounter >= TCB::running->getTimeSlice()) {
 158:src/riscv.cpp ****             uint64 sepc = r_sepc();
 159:src/riscv.cpp ****             uint64 sstatus = r_sstatus();
 160:src/riscv.cpp ****             TCB::timeSliceCounter = 0;
 161:src/riscv.cpp ****             TCB::dispatch();
 162:src/riscv.cpp ****             w_sstatus(sstatus);
 163:src/riscv.cpp ****             w_sepc(sepc);
 164:src/riscv.cpp ****         }
 165:src/riscv.cpp ****         mc_sip(SIP_SSIP);
 166:src/riscv.cpp ****     }
 167:src/riscv.cpp **** 
 168:src/riscv.cpp **** 
 169:src/riscv.cpp ****     else if (cause == 0x8000000000000009UL) {
 147              		.loc 1 169 10
 148              	.LBB483:
 149              	.LBB192:
 150              	.LBB167:
 151 0084 9307F0FF 		li	a5,-1
 152 0088 9397F703 		slli	a5,a5,63
 153 008c 93879700 		addi	a5,a5,9
 154 0090 638CF454 		beq	s1,a5,.L30
 170:src/riscv.cpp ****         int irq = plic_claim();
 171:src/riscv.cpp ****         if (irq == 10) {
 172:src/riscv.cpp ****             kernel_console_handler();
 173:src/riscv.cpp ****         }
 174:src/riscv.cpp ****         plic_complete(irq);
 175:src/riscv.cpp ****     }
 176:src/riscv.cpp **** 
 177:src/riscv.cpp ****     else {
 178:src/riscv.cpp ****         printString("unexpected cause: ");
 155              		.loc 1 178 9
 156              		.loc 1 178 20 is_stmt 0
 157 0094 17050000 		lla	a0,.LC0
 157      13050500 
 158 009c 97000000 		call	_Z11printStringPKc@plt
 158      E7800000 
 159              	.LVL1:
 179:src/riscv.cpp ****         printInt(cause);
 160              		.loc 1 179 9 is_stmt 1
 161              		.loc 1 179 17 is_stmt 0
 162 00a4 13060000 		li	a2,0
 163 00a8 9305A000 		li	a1,10
 164 00ac 13850400 		mv	a0,s1
 165 00b0 97000000 		call	_Z8printIntmhh@plt
 165      E7800000 
 166              	.LVL2:
 180:src/riscv.cpp ****         printString("\n");
 167              		.loc 1 180 9 is_stmt 1
 168              		.loc 1 180 20 is_stmt 0
 169 00b8 17050000 		lla	a0,.LC1
 169      13050500 
GAS LISTING /tmp/ccIe1MKi.s 			page 10


 170 00c0 97000000 		call	_Z11printStringPKc@plt
 170      E7800000 
 171              	.LVL3:
 181:src/riscv.cpp ****         printString("sepc: ");
 172              		.loc 1 181 9 is_stmt 1
 173              		.loc 1 181 20 is_stmt 0
 174 00c8 17050000 		lla	a0,.LC2
 174      13050500 
 175 00d0 97000000 		call	_Z11printStringPKc@plt
 175      E7800000 
 176              	.LVL4:
 182:src/riscv.cpp ****         printInt(Riscv::r_sepc());
 177              		.loc 1 182 9 is_stmt 1
 178              	.LBB168:
 179              	.LBB169:
 156:src/../h/riscv.hpp **** }
 157:src/../h/riscv.hpp **** 
 158:src/../h/riscv.hpp **** inline void Riscv::w_scause(uint64 scause)
 159:src/../h/riscv.hpp **** {
 160:src/../h/riscv.hpp ****     __asm__ volatile ("csrw scause, %[scause]"
 161:src/../h/riscv.hpp ****     :
 162:src/../h/riscv.hpp ****     : [scause] "r"(scause));
 163:src/../h/riscv.hpp **** }
 164:src/../h/riscv.hpp **** inline uint64 Riscv::r_sepc()
 165:src/../h/riscv.hpp **** {
 166:src/../h/riscv.hpp ****     uint64 volatile sepc;
 180              		.loc 2 166 5
 167:src/../h/riscv.hpp ****     __asm__ volatile("csrr %0, sepc" : "=r"(sepc));
 181              		.loc 2 167 5
 182              		.loc 2 167 51 is_stmt 0
 183              	#APP
 184              	# 167 "src/../h/riscv.hpp" 1
 168              	    return sepc;
 185              		csrr a5, sepc
 186              	# 0 "" 2
 187              	#NO_APP
 188 00dc 2338F4FA 		sd	a5,-80(s0)
 189              		.loc 2 168 5 is_stmt 1
 190              		.loc 2 168 12 is_stmt 0
 191 00e0 033504FB 		ld	a0,-80(s0)
 192              	.LBE169:
 193              	.LBE168:
 194              		.loc 1 182 17
 195 00e4 13060000 		li	a2,0
 196 00e8 9305A000 		li	a1,10
 197 00ec 97000000 		call	_Z8printIntmhh@plt
 197      E7800000 
 198              	.LVL5:
 183:src/riscv.cpp ****         printString("\n");
 199              		.loc 1 183 9 is_stmt 1
 200              		.loc 1 183 20 is_stmt 0
 201 00f4 17050000 		lla	a0,.LC1
 201      13050500 
 202 00fc 97000000 		call	_Z11printStringPKc@plt
 202      E7800000 
 203              	.LVL6:
 184:src/riscv.cpp ****         printString("stval: ");
GAS LISTING /tmp/ccIe1MKi.s 			page 11


 204              		.loc 1 184 9 is_stmt 1
 205              		.loc 1 184 20 is_stmt 0
 206 0104 17050000 		lla	a0,.LC3
 206      13050500 
 207 010c 97000000 		call	_Z11printStringPKc@plt
 207      E7800000 
 208              	.LVL7:
 185:src/riscv.cpp ****         printInt(Riscv::r_stval());
 209              		.loc 1 185 9 is_stmt 1
 210              	.LBB170:
 211              	.LBB171:
 169:src/../h/riscv.hpp **** }
 170:src/../h/riscv.hpp **** 
 171:src/../h/riscv.hpp **** inline void Riscv::w_sepc(uint64 sepc)
 172:src/../h/riscv.hpp **** {
 173:src/../h/riscv.hpp ****     __asm__ volatile("csrw sepc, %0" :: "r"(sepc));
 174:src/../h/riscv.hpp **** }
 175:src/../h/riscv.hpp **** 
 176:src/../h/riscv.hpp **** inline uint64 Riscv::r_stvec()
 177:src/../h/riscv.hpp **** {
 178:src/../h/riscv.hpp ****     uint64 volatile stvec;
 179:src/../h/riscv.hpp ****     __asm__ volatile("csrr %0, stvec" : "=r"(stvec));
 180:src/../h/riscv.hpp ****     return stvec;
 181:src/../h/riscv.hpp **** }
 182:src/../h/riscv.hpp **** 
 183:src/../h/riscv.hpp **** inline void Riscv::w_stvec(uint64 stvec)
 184:src/../h/riscv.hpp **** {
 185:src/../h/riscv.hpp ****     __asm__ volatile("csrw stvec, %0" :: "r"(stvec));
 186:src/../h/riscv.hpp **** }
 187:src/../h/riscv.hpp **** 
 188:src/../h/riscv.hpp **** inline uint64 Riscv::r_stval()
 189:src/../h/riscv.hpp **** {
 190:src/../h/riscv.hpp ****     uint64 volatile stval;
 212              		.loc 2 190 5
 191:src/../h/riscv.hpp ****     __asm__ volatile("csrr %0, stval" : "=r"(stval));
 213              		.loc 2 191 5
 214              		.loc 2 191 53 is_stmt 0
 215              	#APP
 216              	# 191 "src/../h/riscv.hpp" 1
 192              	    return stval;
 217              		csrr a5, stval
 218              	# 0 "" 2
 219              	#NO_APP
 220 0118 2334F4FA 		sd	a5,-88(s0)
 221              		.loc 2 192 5 is_stmt 1
 222              		.loc 2 192 12 is_stmt 0
 223 011c 033584FA 		ld	a0,-88(s0)
 224              	.LBE171:
 225              	.LBE170:
 226              		.loc 1 185 17
 227 0120 13060000 		li	a2,0
 228 0124 9305A000 		li	a1,10
 229 0128 97000000 		call	_Z8printIntmhh@plt
 229      E7800000 
 230              	.LVL8:
 186:src/riscv.cpp ****         printString("\n");
 231              		.loc 1 186 9 is_stmt 1
GAS LISTING /tmp/ccIe1MKi.s 			page 12


 232              		.loc 1 186 20 is_stmt 0
 233 0130 17050000 		lla	a0,.LC1
 233      13050500 
 234 0138 97000000 		call	_Z11printStringPKc@plt
 234      E7800000 
 235              	.LVL9:
 236              	.L26:
 187:src/riscv.cpp **** 
 188:src/riscv.cpp ****         while(1);
 237              		.loc 1 188 9 is_stmt 1 discriminator 2
 238              		.loc 1 188 9 discriminator 2
 239 0140 6F000000 		j	.L26
 240              	.L28:
 241              	.LBE167:
 242              	.LBE192:
 243              	.LBE483:
  24:src/riscv.cpp ****             uint64 sepc = Riscv::r_sepc() + 4;
 244              		.loc 1 24 9
 245              	.LBB484:
 246              	.LBB193:
  24:src/riscv.cpp ****             uint64 sepc = Riscv::r_sepc() + 4;
 247              		.loc 1 24 22 is_stmt 0
 248 0144 033784FD 		ld	a4,-40(s0)
  24:src/riscv.cpp ****             uint64 sepc = Riscv::r_sepc() + 4;
 249              		.loc 1 24 9
 250 0148 93073001 		li	a5,19
 251 014c 6302F70E 		beq	a4,a5,.L31
 252              	.LBE193:
 253              	.LBE484:
  32:src/riscv.cpp ****             uint64 sepc = Riscv::r_sepc() + 4;
 254              		.loc 1 32 14 is_stmt 1
 255              	.LBB485:
 256              	.LBB464:
 257              	.LBB194:
  32:src/riscv.cpp ****             uint64 sepc = Riscv::r_sepc() + 4;
 258              		.loc 1 32 27 is_stmt 0
 259 0150 033784FD 		ld	a4,-40(s0)
  32:src/riscv.cpp ****             uint64 sepc = Riscv::r_sepc() + 4;
 260              		.loc 1 32 14
 261 0154 93071000 		li	a5,1
 262 0158 6304F710 		beq	a4,a5,.L32
 263              	.LBE194:
 264              	.LBE464:
 265              	.LBE485:
  40:src/riscv.cpp ****             uint64 sepc = Riscv::r_sepc() + 4;
 266              		.loc 1 40 14 is_stmt 1
 267              	.LBB486:
 268              	.LBB465:
 269              	.LBB439:
 270              	.LBB195:
  40:src/riscv.cpp ****             uint64 sepc = Riscv::r_sepc() + 4;
 271              		.loc 1 40 27 is_stmt 0
 272 015c 033784FD 		ld	a4,-40(s0)
  40:src/riscv.cpp ****             uint64 sepc = Riscv::r_sepc() + 4;
 273              		.loc 1 40 14
 274 0160 93072000 		li	a5,2
 275 0164 630AF712 		beq	a4,a5,.L33
GAS LISTING /tmp/ccIe1MKi.s 			page 13


 276              	.LBE195:
 277              	.LBE439:
 278              	.LBE465:
 279              	.LBE486:
  48:src/riscv.cpp ****             uint64 sepc = Riscv::r_sepc() + 4;
 280              		.loc 1 48 14 is_stmt 1
 281              	.LBB487:
 282              	.LBB466:
 283              	.LBB440:
 284              	.LBB417:
 285              	.LBB196:
  48:src/riscv.cpp ****             uint64 sepc = Riscv::r_sepc() + 4;
 286              		.loc 1 48 27 is_stmt 0
 287 0168 033784FD 		ld	a4,-40(s0)
  48:src/riscv.cpp ****             uint64 sepc = Riscv::r_sepc() + 4;
 288              		.loc 1 48 14
 289 016c 93071001 		li	a5,17
 290 0170 630CF714 		beq	a4,a5,.L34
 291              	.LBE196:
 292              	.LBE417:
 293              	.LBE440:
 294              	.LBE466:
 295              	.LBE487:
  56:src/riscv.cpp ****             uint64 sepc = Riscv::r_sepc() + 4;
 296              		.loc 1 56 14 is_stmt 1
 297              	.LBB488:
 298              	.LBB467:
 299              	.LBB441:
 300              	.LBB418:
 301              	.LBB396:
 302              	.LBB197:
  56:src/riscv.cpp ****             uint64 sepc = Riscv::r_sepc() + 4;
 303              		.loc 1 56 27 is_stmt 0
 304 0174 033784FD 		ld	a4,-40(s0)
  56:src/riscv.cpp ****             uint64 sepc = Riscv::r_sepc() + 4;
 305              		.loc 1 56 14
 306 0178 93072001 		li	a5,18
 307 017c 630AF718 		beq	a4,a5,.L35
 308              	.LBE197:
 309              	.LBE396:
 310              	.LBE418:
 311              	.LBE441:
 312              	.LBE467:
 313              	.LBE488:
  65:src/riscv.cpp ****             uint64 sepc = Riscv::r_sepc() + 4;
 314              		.loc 1 65 14 is_stmt 1
 315              	.LBB489:
 316              	.LBB468:
 317              	.LBB442:
 318              	.LBB419:
 319              	.LBB397:
 320              	.LBB376:
 321              	.LBB198:
  65:src/riscv.cpp ****             uint64 sepc = Riscv::r_sepc() + 4;
 322              		.loc 1 65 27 is_stmt 0
 323 0180 033784FD 		ld	a4,-40(s0)
  65:src/riscv.cpp ****             uint64 sepc = Riscv::r_sepc() + 4;
GAS LISTING /tmp/ccIe1MKi.s 			page 14


 324              		.loc 1 65 14
 325 0184 93075001 		li	a5,21
 326 0188 6300F71C 		beq	a4,a5,.L36
 327              	.LBE198:
 328              	.LBE376:
 329              	.LBE397:
 330              	.LBE419:
 331              	.LBE442:
 332              	.LBE468:
 333              	.LBE489:
  75:src/riscv.cpp ****             uint64 sepc = Riscv::r_sepc() + 4;
 334              		.loc 1 75 14 is_stmt 1
 335              	.LBB490:
 336              	.LBB469:
 337              	.LBB443:
 338              	.LBB420:
 339              	.LBB398:
 340              	.LBB377:
 341              	.LBB353:
 342              	.LBB199:
  75:src/riscv.cpp ****             uint64 sepc = Riscv::r_sepc() + 4;
 343              		.loc 1 75 27 is_stmt 0
 344 018c 033784FD 		ld	a4,-40(s0)
  75:src/riscv.cpp ****             uint64 sepc = Riscv::r_sepc() + 4;
 345              		.loc 1 75 14
 346 0190 93071003 		li	a5,49
 347 0194 630CF71E 		beq	a4,a5,.L37
 348              	.LBE199:
 349              	.LBE353:
 350              	.LBE377:
 351              	.LBE398:
 352              	.LBE420:
 353              	.LBE443:
 354              	.LBE469:
 355              	.LBE490:
  82:src/riscv.cpp ****             uint64 sepc = Riscv::r_sepc() + 4;
 356              		.loc 1 82 14 is_stmt 1
 357              	.LBB491:
 358              	.LBB470:
 359              	.LBB444:
 360              	.LBB421:
 361              	.LBB399:
 362              	.LBB378:
 363              	.LBB354:
 364              	.LBB335:
 365              	.LBB200:
  82:src/riscv.cpp ****             uint64 sepc = Riscv::r_sepc() + 4;
 366              		.loc 1 82 27 is_stmt 0
 367 0198 033784FD 		ld	a4,-40(s0)
  82:src/riscv.cpp ****             uint64 sepc = Riscv::r_sepc() + 4;
 368              		.loc 1 82 14
 369 019c 93071002 		li	a5,33
 370 01a0 630CF720 		beq	a4,a5,.L38
 371              	.LBE200:
 372              	.LBE335:
 373              	.LBE354:
 374              	.LBE378:
GAS LISTING /tmp/ccIe1MKi.s 			page 15


 375              	.LBE399:
 376              	.LBE421:
 377              	.LBE444:
 378              	.LBE470:
 379              	.LBE491:
  90:src/riscv.cpp ****             uint64 sepc = Riscv::r_sepc() + 4;
 380              		.loc 1 90 14 is_stmt 1
 381              	.LBB492:
 382              	.LBB471:
 383              	.LBB445:
 384              	.LBB422:
 385              	.LBB400:
 386              	.LBB379:
 387              	.LBB355:
 388              	.LBB336:
 389              	.LBB320:
 390              	.LBB201:
  90:src/riscv.cpp ****             uint64 sepc = Riscv::r_sepc() + 4;
 391              		.loc 1 90 27 is_stmt 0
 392 01a4 033784FD 		ld	a4,-40(s0)
  90:src/riscv.cpp ****             uint64 sepc = Riscv::r_sepc() + 4;
 393              		.loc 1 90 14
 394 01a8 93072002 		li	a5,34
 395 01ac 6302F724 		beq	a4,a5,.L39
 396              	.LBE201:
 397              	.LBE320:
 398              	.LBE336:
 399              	.LBE355:
 400              	.LBE379:
 401              	.LBE400:
 402              	.LBE422:
 403              	.LBE445:
 404              	.LBE471:
 405              	.LBE492:
  97:src/riscv.cpp ****             uint64 sepc = Riscv::r_sepc() + 4;
 406              		.loc 1 97 14 is_stmt 1
 407              	.LBB493:
 408              	.LBB472:
 409              	.LBB446:
 410              	.LBB423:
 411              	.LBB401:
 412              	.LBB380:
 413              	.LBB356:
 414              	.LBB337:
 415              	.LBB321:
 416              	.LBB304:
 417              	.LBB202:
  97:src/riscv.cpp ****             uint64 sepc = Riscv::r_sepc() + 4;
 418              		.loc 1 97 27 is_stmt 0
 419 01b0 033784FD 		ld	a4,-40(s0)
  97:src/riscv.cpp ****             uint64 sepc = Riscv::r_sepc() + 4;
 420              		.loc 1 97 14
 421 01b4 93073002 		li	a5,35
 422 01b8 6304F726 		beq	a4,a5,.L40
 423              	.LBE202:
 424              	.LBE304:
 425              	.LBE321:
GAS LISTING /tmp/ccIe1MKi.s 			page 16


 426              	.LBE337:
 427              	.LBE356:
 428              	.LBE380:
 429              	.LBE401:
 430              	.LBE423:
 431              	.LBE446:
 432              	.LBE472:
 433              	.LBE493:
 104:src/riscv.cpp ****             uint64 sepc = Riscv::r_sepc() + 4;
 434              		.loc 1 104 14 is_stmt 1
 435              	.LBB494:
 436              	.LBB473:
 437              	.LBB447:
 438              	.LBB424:
 439              	.LBB402:
 440              	.LBB381:
 441              	.LBB357:
 442              	.LBB338:
 443              	.LBB322:
 444              	.LBB305:
 445              	.LBB289:
 446              	.LBB203:
 104:src/riscv.cpp ****             uint64 sepc = Riscv::r_sepc() + 4;
 447              		.loc 1 104 27 is_stmt 0
 448 01bc 033784FD 		ld	a4,-40(s0)
 104:src/riscv.cpp ****             uint64 sepc = Riscv::r_sepc() + 4;
 449              		.loc 1 104 14
 450 01c0 93074002 		li	a5,36
 451 01c4 6306F728 		beq	a4,a5,.L41
 452              	.LBE203:
 453              	.LBE289:
 454              	.LBE305:
 455              	.LBE322:
 456              	.LBE338:
 457              	.LBE357:
 458              	.LBE381:
 459              	.LBE402:
 460              	.LBE424:
 461              	.LBE447:
 462              	.LBE473:
 463              	.LBE494:
 111:src/riscv.cpp ****             uint64 sepc = Riscv::r_sepc() + 4;
 464              		.loc 1 111 14 is_stmt 1
 465              	.LBB495:
 466              	.LBB474:
 467              	.LBB448:
 468              	.LBB425:
 469              	.LBB403:
 470              	.LBB382:
 471              	.LBB358:
 472              	.LBB339:
 473              	.LBB323:
 474              	.LBB306:
 475              	.LBB290:
 476              	.LBB275:
 477              	.LBB204:
 111:src/riscv.cpp ****             uint64 sepc = Riscv::r_sepc() + 4;
GAS LISTING /tmp/ccIe1MKi.s 			page 17


 478              		.loc 1 111 27 is_stmt 0
 479 01c8 033784FD 		ld	a4,-40(s0)
 111:src/riscv.cpp ****             uint64 sepc = Riscv::r_sepc() + 4;
 480              		.loc 1 111 14
 481 01cc 93075002 		li	a5,37
 482 01d0 6308F72A 		beq	a4,a5,.L42
 483              	.LBE204:
 484              	.LBE275:
 485              	.LBE290:
 486              	.LBE306:
 487              	.LBE323:
 488              	.LBE339:
 489              	.LBE358:
 490              	.LBE382:
 491              	.LBE403:
 492              	.LBE425:
 493              	.LBE448:
 494              	.LBE474:
 495              	.LBE495:
 119:src/riscv.cpp ****             uint64 sepc = Riscv::r_sepc() + 4;
 496              		.loc 1 119 14 is_stmt 1
 497              	.LBB496:
 498              	.LBB475:
 499              	.LBB449:
 500              	.LBB426:
 501              	.LBB404:
 502              	.LBB383:
 503              	.LBB359:
 504              	.LBB340:
 505              	.LBB324:
 506              	.LBB307:
 507              	.LBB291:
 508              	.LBB276:
 509              	.LBB262:
 510              	.LBB205:
 119:src/riscv.cpp ****             uint64 sepc = Riscv::r_sepc() + 4;
 511              		.loc 1 119 27 is_stmt 0
 512 01d4 033784FD 		ld	a4,-40(s0)
 119:src/riscv.cpp ****             uint64 sepc = Riscv::r_sepc() + 4;
 513              		.loc 1 119 14
 514 01d8 93076002 		li	a5,38
 515 01dc 630EF72C 		beq	a4,a5,.L43
 516              	.LBE205:
 517              	.LBE262:
 518              	.LBE276:
 519              	.LBE291:
 520              	.LBE307:
 521              	.LBE324:
 522              	.LBE340:
 523              	.LBE359:
 524              	.LBE383:
 525              	.LBE404:
 526              	.LBE426:
 527              	.LBE449:
 528              	.LBE475:
 529              	.LBE496:
 126:src/riscv.cpp ****             uint64 sepc = Riscv::r_sepc() + 4;
GAS LISTING /tmp/ccIe1MKi.s 			page 18


 530              		.loc 1 126 14 is_stmt 1
 531              	.LBB497:
 532              	.LBB476:
 533              	.LBB450:
 534              	.LBB427:
 535              	.LBB405:
 536              	.LBB384:
 537              	.LBB360:
 538              	.LBB341:
 539              	.LBB325:
 540              	.LBB308:
 541              	.LBB292:
 542              	.LBB277:
 543              	.LBB263:
 544              	.LBB250:
 545              	.LBB206:
 126:src/riscv.cpp ****             uint64 sepc = Riscv::r_sepc() + 4;
 546              		.loc 1 126 27 is_stmt 0
 547 01e0 033784FD 		ld	a4,-40(s0)
 126:src/riscv.cpp ****             uint64 sepc = Riscv::r_sepc() + 4;
 548              		.loc 1 126 14
 549 01e4 93071004 		li	a5,65
 550 01e8 6304F730 		beq	a4,a5,.L44
 551              	.LBE206:
 552              	.LBE250:
 553              	.LBE263:
 554              	.LBE277:
 555              	.LBE292:
 556              	.LBE308:
 557              	.LBE325:
 558              	.LBE341:
 559              	.LBE360:
 560              	.LBE384:
 561              	.LBE405:
 562              	.LBE427:
 563              	.LBE450:
 564              	.LBE476:
 565              	.LBE497:
 133:src/riscv.cpp ****             uint64 sepc = Riscv::r_sepc() + 4;
 566              		.loc 1 133 14 is_stmt 1
 567              	.LBB498:
 568              	.LBB477:
 569              	.LBB451:
 570              	.LBB428:
 571              	.LBB406:
 572              	.LBB385:
 573              	.LBB361:
 574              	.LBB342:
 575              	.LBB326:
 576              	.LBB309:
 577              	.LBB293:
 578              	.LBB278:
 579              	.LBB264:
 580              	.LBB251:
 581              	.LBB239:
 582              	.LBB207:
 133:src/riscv.cpp ****             uint64 sepc = Riscv::r_sepc() + 4;
GAS LISTING /tmp/ccIe1MKi.s 			page 19


 583              		.loc 1 133 27 is_stmt 0
 584 01ec 033784FD 		ld	a4,-40(s0)
 133:src/riscv.cpp ****             uint64 sepc = Riscv::r_sepc() + 4;
 585              		.loc 1 133 14
 586 01f0 93072004 		li	a5,66
 587 01f4 6304F732 		beq	a4,a5,.L45
 588              	.LBE207:
 589              	.LBE239:
 590              	.LBE251:
 591              	.LBE264:
 592              	.LBE278:
 593              	.LBE293:
 594              	.LBE309:
 595              	.LBE326:
 596              	.LBE342:
 597              	.LBE361:
 598              	.LBE385:
 599              	.LBE406:
 600              	.LBE428:
 601              	.LBE451:
 602              	.LBE477:
 603              	.LBE498:
 139:src/riscv.cpp ****             uint64 sepc = Riscv::r_sepc() + 4;
 604              		.loc 1 139 14 is_stmt 1
 605              	.LBB499:
 606              	.LBB478:
 607              	.LBB452:
 608              	.LBB429:
 609              	.LBB407:
 610              	.LBB386:
 611              	.LBB362:
 612              	.LBB343:
 613              	.LBB327:
 614              	.LBB310:
 615              	.LBB294:
 616              	.LBB279:
 617              	.LBB265:
 618              	.LBB252:
 619              	.LBB240:
 620              	.LBB229:
 621              	.LBB208:
 139:src/riscv.cpp ****             uint64 sepc = Riscv::r_sepc() + 4;
 622              		.loc 1 139 27 is_stmt 0
 623 01f8 033784FD 		ld	a4,-40(s0)
 139:src/riscv.cpp ****             uint64 sepc = Riscv::r_sepc() + 4;
 624              		.loc 1 139 14
 625 01fc 93071005 		li	a5,81
 626 0200 6306F734 		beq	a4,a5,.L46
 627              	.LBE208:
 628              	.LBE229:
 629              	.LBE240:
 630              	.LBE252:
 631              	.LBE265:
 632              	.LBE279:
 633              	.LBE294:
 634              	.LBE310:
 635              	.LBE327:
GAS LISTING /tmp/ccIe1MKi.s 			page 20


 636              	.LBE343:
 637              	.LBE362:
 638              	.LBE386:
 639              	.LBE407:
 640              	.LBE429:
 641              	.LBE452:
 642              	.LBE478:
 643              	.LBE499:
 144:src/riscv.cpp ****             uint64 sepc = Riscv::r_sepc() + 4;
 644              		.loc 1 144 14 is_stmt 1
 645              	.LBB500:
 646              	.LBB479:
 647              	.LBB453:
 648              	.LBB430:
 649              	.LBB408:
 650              	.LBB387:
 651              	.LBB363:
 652              	.LBB344:
 653              	.LBB328:
 654              	.LBB311:
 655              	.LBB295:
 656              	.LBB280:
 657              	.LBB266:
 658              	.LBB253:
 659              	.LBB241:
 660              	.LBB230:
 661              	.LBB220:
 662              	.LBB209:
 144:src/riscv.cpp ****             uint64 sepc = Riscv::r_sepc() + 4;
 663              		.loc 1 144 27 is_stmt 0
 664 0204 033784FD 		ld	a4,-40(s0)
 144:src/riscv.cpp ****             uint64 sepc = Riscv::r_sepc() + 4;
 665              		.loc 1 144 14
 666 0208 93073005 		li	a5,83
 667 020c 631EF73E 		bne	a4,a5,.L3
 668              	.LBB210:
 145:src/riscv.cpp ****             sync_thread_abi();
 669              		.loc 1 145 13 is_stmt 1
 670              	.LBB211:
 671              	.LBB212:
 166:src/../h/riscv.hpp ****     __asm__ volatile("csrr %0, sepc" : "=r"(sepc));
 672              		.loc 2 166 5
 167:src/../h/riscv.hpp ****     return sepc;
 673              		.loc 2 167 5
 167:src/../h/riscv.hpp ****     return sepc;
 674              		.loc 2 167 51 is_stmt 0
 675              	#APP
 676              	# 167 "src/../h/riscv.hpp" 1
 677              		csrr a5, sepc
 678              	# 0 "" 2
 679              	#NO_APP
 680 0214 2330F4FA 		sd	a5,-96(s0)
 168:src/../h/riscv.hpp **** }
 681              		.loc 2 168 5 is_stmt 1
 168:src/../h/riscv.hpp **** }
 682              		.loc 2 168 12 is_stmt 0
 683 0218 833404FA 		ld	s1,-96(s0)
GAS LISTING /tmp/ccIe1MKi.s 			page 21


 684              	.LVL10:
 685              	.LBE212:
 686              	.LBE211:
 145:src/riscv.cpp ****             sync_thread_abi();
 687              		.loc 1 145 45
 688 021c 93844400 		addi	s1,s1,4
 689              	.LVL11:
 146:src/riscv.cpp ****             w_sepc(sepc);
 690              		.loc 1 146 13 is_stmt 1
 146:src/riscv.cpp ****             w_sepc(sepc);
 691              		.loc 1 146 28 is_stmt 0
 692 0220 97000000 		call	_Z15sync_thread_abiv@plt
 692      E7800000 
 693              	.LVL12:
 147:src/riscv.cpp ****         }
 694              		.loc 1 147 13 is_stmt 1
 695              	.LBB213:
 696              	.LBB214:
 173:src/../h/riscv.hpp **** }
 697              		.loc 2 173 5
 173:src/../h/riscv.hpp **** }
 698              		.loc 2 173 51 is_stmt 0
 699              	#APP
 700              	# 173 "src/../h/riscv.hpp" 1
 174:src/../h/riscv.hpp **** 
 701              		csrw sepc, s1
 702              	# 0 "" 2
 703              		.loc 2 174 1
 704              	#NO_APP
 705 022c 6F00C03D 		j	.L3
 706              	.LVL13:
 707              	.L31:
 708              	.LBE214:
 709              	.LBE213:
 710              	.LBE210:
 711              	.LBE209:
 712              	.LBE220:
 713              	.LBE230:
 714              	.LBE241:
 715              	.LBE253:
 716              	.LBE266:
 717              	.LBE280:
 718              	.LBE295:
 719              	.LBE311:
 720              	.LBE328:
 721              	.LBE344:
 722              	.LBE363:
 723              	.LBE387:
 724              	.LBE408:
 725              	.LBE430:
 726              	.LBE453:
 727              	.LBB454:
  25:src/riscv.cpp ****             uint64 sstatus = r_sstatus();
 728              		.loc 1 25 13 is_stmt 1
 729              	.LBB455:
 730              	.LBB456:
 166:src/../h/riscv.hpp ****     __asm__ volatile("csrr %0, sepc" : "=r"(sepc));
GAS LISTING /tmp/ccIe1MKi.s 			page 22


 731              		.loc 2 166 5
 167:src/../h/riscv.hpp ****     return sepc;
 732              		.loc 2 167 5
 167:src/../h/riscv.hpp ****     return sepc;
 733              		.loc 2 167 51 is_stmt 0
 734              	#APP
 735              	# 167 "src/../h/riscv.hpp" 1
 736              		csrr a5, sepc
 737              	# 0 "" 2
 738              	#NO_APP
 739 0234 233CF4F0 		sd	a5,-232(s0)
 168:src/../h/riscv.hpp **** }
 740              		.loc 2 168 5 is_stmt 1
 168:src/../h/riscv.hpp **** }
 741              		.loc 2 168 12 is_stmt 0
 742 0238 833484F1 		ld	s1,-232(s0)
 743              	.LVL14:
 744              	.LBE456:
 745              	.LBE455:
  25:src/riscv.cpp ****             uint64 sstatus = r_sstatus();
 746              		.loc 1 25 45
 747 023c 93844400 		addi	s1,s1,4
 748              	.LVL15:
  26:src/riscv.cpp ****             thread_dispatch_abi();
 749              		.loc 1 26 13 is_stmt 1
 750              	.LBB457:
 751              	.LBB458:
 193:src/../h/riscv.hpp **** }
 194:src/../h/riscv.hpp **** 
 195:src/../h/riscv.hpp **** inline void Riscv::w_stval(uint64 stval)
 196:src/../h/riscv.hpp **** {
 197:src/../h/riscv.hpp ****     __asm__ volatile("csrw stval, %0" :: "r"(stval));
 198:src/../h/riscv.hpp **** }
 199:src/../h/riscv.hpp **** 
 200:src/../h/riscv.hpp **** inline void Riscv::mc_sip(uint64 mask)
 201:src/../h/riscv.hpp **** {
 202:src/../h/riscv.hpp ****     __asm__ volatile("csrc sip, %0" :: "r"(mask));
 203:src/../h/riscv.hpp **** }
 204:src/../h/riscv.hpp **** 
 205:src/../h/riscv.hpp **** inline uint64 Riscv::r_sip()
 206:src/../h/riscv.hpp **** {
 207:src/../h/riscv.hpp ****     uint64 volatile sip;
 208:src/../h/riscv.hpp ****     __asm__ volatile("csrr %0, sip" : "=r"(sip));
 209:src/../h/riscv.hpp ****     return sip;
 210:src/../h/riscv.hpp **** }
 211:src/../h/riscv.hpp **** 
 212:src/../h/riscv.hpp **** inline void Riscv::w_sip(uint64 sip)
 213:src/../h/riscv.hpp **** {
 214:src/../h/riscv.hpp ****     __asm__ volatile("csrw sip, %0" :: "r"(sip));
 215:src/../h/riscv.hpp **** }
 216:src/../h/riscv.hpp **** 
 217:src/../h/riscv.hpp **** inline void Riscv::ms_sstatus(uint64 mask)
 218:src/../h/riscv.hpp **** {
 219:src/../h/riscv.hpp ****     __asm__ volatile("csrs sstatus, %0" :: "r"(mask));
 220:src/../h/riscv.hpp **** }
 221:src/../h/riscv.hpp **** 
 222:src/../h/riscv.hpp **** inline void Riscv::mc_sstatus(uint64 mask)
GAS LISTING /tmp/ccIe1MKi.s 			page 23


 223:src/../h/riscv.hpp **** {
 224:src/../h/riscv.hpp ****     __asm__ volatile("csrc sstatus, %0" :: "r"(mask));
 225:src/../h/riscv.hpp **** }
 226:src/../h/riscv.hpp **** 
 227:src/../h/riscv.hpp **** inline uint64 Riscv::r_sstatus()
 228:src/../h/riscv.hpp **** {
 229:src/../h/riscv.hpp ****     uint64 volatile sstatus;
 752              		.loc 2 229 5
 230:src/../h/riscv.hpp ****     __asm__ volatile("csrr %0, sstatus" : "=r"(sstatus));
 753              		.loc 2 230 5
 754              		.loc 2 230 57 is_stmt 0
 755              	#APP
 756              	# 230 "src/../h/riscv.hpp" 1
 231              	    return sstatus;
 757              		csrr a5, sstatus
 758              	# 0 "" 2
 759              	#NO_APP
 760 0244 2338F4F0 		sd	a5,-240(s0)
 761              		.loc 2 231 5 is_stmt 1
 762              		.loc 2 231 12 is_stmt 0
 763 0248 033904F1 		ld	s2,-240(s0)
 764              	.LVL16:
 765              	.LBE458:
 766              	.LBE457:
  27:src/riscv.cpp ****             w_sepc(sepc);
 767              		.loc 1 27 13 is_stmt 1
  27:src/riscv.cpp ****             w_sepc(sepc);
 768              		.loc 1 27 32 is_stmt 0
 769 024c 97000000 		call	_Z19thread_dispatch_abiv@plt
 769      E7800000 
 770              	.LVL17:
  28:src/riscv.cpp ****             w_sstatus(sstatus);
 771              		.loc 1 28 13 is_stmt 1
 772              	.LBB459:
 773              	.LBB460:
 173:src/../h/riscv.hpp **** }
 774              		.loc 2 173 5
 173:src/../h/riscv.hpp **** }
 775              		.loc 2 173 51 is_stmt 0
 776              	#APP
 777              	# 173 "src/../h/riscv.hpp" 1
 778              		csrw sepc, s1
 779              	# 0 "" 2
 780              	.LVL18:
 781              	#NO_APP
 782              	.LBE460:
 783              	.LBE459:
  29:src/riscv.cpp ****             return;
 784              		.loc 1 29 13 is_stmt 1
 785              	.LBB461:
 786              	.LBB462:
 232:src/../h/riscv.hpp **** }
 233:src/../h/riscv.hpp **** 
 234:src/../h/riscv.hpp **** inline void Riscv::w_sstatus(uint64 sstatus)
 235:src/../h/riscv.hpp **** {
 236:src/../h/riscv.hpp ****     __asm__ volatile("csrw sstatus, %0" :: "r"(sstatus));
 787              		.loc 2 236 5
GAS LISTING /tmp/ccIe1MKi.s 			page 24


 788              		.loc 2 236 57 is_stmt 0
 789              	#APP
 790              	# 236 "src/../h/riscv.hpp" 1
 237              	}
 791              		csrw sstatus, s2
 792              	# 0 "" 2
 793              	.LVL19:
 794              	#NO_APP
 795              	.LBE462:
 796              	.LBE461:
  30:src/riscv.cpp ****         }
 797              		.loc 1 30 13 is_stmt 1
 798 025c 6F00C03A 		j	.L3
 799              	.LVL20:
 800              	.L32:
 801              	.LBE454:
 802              	.LBB463:
 803              	.LBB431:
  33:src/riscv.cpp ****             size_t bytes = (size_t)arg1;
 804              		.loc 1 33 13
 805              	.LBB432:
 806              	.LBB433:
 166:src/../h/riscv.hpp ****     __asm__ volatile("csrr %0, sepc" : "=r"(sepc));
 807              		.loc 2 166 5
 167:src/../h/riscv.hpp ****     return sepc;
 808              		.loc 2 167 5
 167:src/../h/riscv.hpp ****     return sepc;
 809              		.loc 2 167 51 is_stmt 0
 810              	#APP
 811              	# 167 "src/../h/riscv.hpp" 1
 812              		csrr a5, sepc
 813              	# 0 "" 2
 814              	#NO_APP
 815 0264 2330F4F2 		sd	a5,-224(s0)
 168:src/../h/riscv.hpp **** }
 816              		.loc 2 168 5 is_stmt 1
 168:src/../h/riscv.hpp **** }
 817              		.loc 2 168 12 is_stmt 0
 818 0268 833404F2 		ld	s1,-224(s0)
 819              	.LVL21:
 820              	.LBE433:
 821              	.LBE432:
  33:src/riscv.cpp ****             size_t bytes = (size_t)arg1;
 822              		.loc 1 33 45
 823 026c 93844400 		addi	s1,s1,4
 824              	.LVL22:
  34:src/riscv.cpp ****             size_t blocks = (bytes + MEM_BLOCK_SIZE - 1) / MEM_BLOCK_SIZE;
 825              		.loc 1 34 13 is_stmt 1
  34:src/riscv.cpp ****             size_t blocks = (bytes + MEM_BLOCK_SIZE - 1) / MEM_BLOCK_SIZE;
 826              		.loc 1 34 36 is_stmt 0
 827 0270 033504FD 		ld	a0,-48(s0)
 828              	.LVL23:
  35:src/riscv.cpp ****             return_value = (uint64)mem_alloc_abi(blocks);
 829              		.loc 1 35 13 is_stmt 1
  35:src/riscv.cpp ****             return_value = (uint64)mem_alloc_abi(blocks);
 830              		.loc 1 35 53 is_stmt 0
 831 0274 1305F503 		addi	a0,a0,63
GAS LISTING /tmp/ccIe1MKi.s 			page 25


 832              	.LVL24:
  36:src/riscv.cpp ****             w_sepc(sepc);
 833              		.loc 1 36 13 is_stmt 1
  36:src/riscv.cpp ****             w_sepc(sepc);
 834              		.loc 1 36 49 is_stmt 0
 835 0278 13556500 		srli	a0,a0,6
 836              	.LVL25:
 837 027c 97000000 		call	_Z13mem_alloc_abim@plt
 837      E7800000 
 838              	.LVL26:
  36:src/riscv.cpp ****             w_sepc(sepc);
 839              		.loc 1 36 26
 840 0284 233CA4FA 		sd	a0,-72(s0)
  37:src/riscv.cpp ****             Riscv::w_a0(return_value);
 841              		.loc 1 37 13 is_stmt 1
 842              	.LVL27:
 843              	.LBB434:
 844              	.LBB435:
 173:src/../h/riscv.hpp **** }
 845              		.loc 2 173 5
 173:src/../h/riscv.hpp **** }
 846              		.loc 2 173 51 is_stmt 0
 847              	#APP
 848              	# 173 "src/../h/riscv.hpp" 1
 849              		csrw sepc, s1
 850              	# 0 "" 2
 851              	.LVL28:
 852              	#NO_APP
 853              	.LBE435:
 854              	.LBE434:
  38:src/riscv.cpp ****         }
 855              		.loc 1 38 13 is_stmt 1
  38:src/riscv.cpp ****         }
 856              		.loc 1 38 24 is_stmt 0
 857 028c 833784FB 		ld	a5,-72(s0)
 858              	.LVL29:
 859              	.LBB436:
 860              	.LBB437:
 135:src/../h/riscv.hpp **** }
 861              		.loc 2 135 5 is_stmt 1
 135:src/../h/riscv.hpp **** }
 862              		.loc 2 135 43 is_stmt 0
 863              	#APP
 864              	# 135 "src/../h/riscv.hpp" 1
 136:src/../h/riscv.hpp **** 
 865              		mv a0, a5
 866              	# 0 "" 2
 867              		.loc 2 136 1
 868              	#NO_APP
 869 0294 6F004037 		j	.L3
 870              	.LVL30:
 871              	.L33:
 872              	.LBE437:
 873              	.LBE436:
 874              	.LBE431:
 875              	.LBB438:
 876              	.LBB409:
GAS LISTING /tmp/ccIe1MKi.s 			page 26


  41:src/riscv.cpp ****             int status = mem_free_abi((void*)arg1);
 877              		.loc 1 41 13 is_stmt 1
 878              	.LBB410:
 879              	.LBB411:
 166:src/../h/riscv.hpp ****     __asm__ volatile("csrr %0, sepc" : "=r"(sepc));
 880              		.loc 2 166 5
 167:src/../h/riscv.hpp ****     return sepc;
 881              		.loc 2 167 5
 167:src/../h/riscv.hpp ****     return sepc;
 882              		.loc 2 167 51 is_stmt 0
 883              	#APP
 884              	# 167 "src/../h/riscv.hpp" 1
 885              		csrr a5, sepc
 886              	# 0 "" 2
 887              	#NO_APP
 888 029c 2334F4F2 		sd	a5,-216(s0)
 168:src/../h/riscv.hpp **** }
 889              		.loc 2 168 5 is_stmt 1
 168:src/../h/riscv.hpp **** }
 890              		.loc 2 168 12 is_stmt 0
 891 02a0 833484F2 		ld	s1,-216(s0)
 892              	.LVL31:
 893              	.LBE411:
 894              	.LBE410:
  41:src/riscv.cpp ****             int status = mem_free_abi((void*)arg1);
 895              		.loc 1 41 45
 896 02a4 93844400 		addi	s1,s1,4
 897              	.LVL32:
  42:src/riscv.cpp ****             return_value = (uint64)status;
 898              		.loc 1 42 13 is_stmt 1
  42:src/riscv.cpp ****             return_value = (uint64)status;
 899              		.loc 1 42 38 is_stmt 0
 900 02a8 033504FD 		ld	a0,-48(s0)
 901 02ac 97000000 		call	_Z12mem_free_abiPv@plt
 901      E7800000 
 902              	.LVL33:
  43:src/riscv.cpp ****             w_sepc(sepc);
 903              		.loc 1 43 13 is_stmt 1
  43:src/riscv.cpp ****             w_sepc(sepc);
 904              		.loc 1 43 26 is_stmt 0
 905 02b4 233CA4FA 		sd	a0,-72(s0)
  44:src/riscv.cpp ****             Riscv::w_a0(return_value);
 906              		.loc 1 44 13 is_stmt 1
 907              	.LVL34:
 908              	.LBB412:
 909              	.LBB413:
 173:src/../h/riscv.hpp **** }
 910              		.loc 2 173 5
 173:src/../h/riscv.hpp **** }
 911              		.loc 2 173 51 is_stmt 0
 912              	#APP
 913              	# 173 "src/../h/riscv.hpp" 1
 914              		csrw sepc, s1
 915              	# 0 "" 2
 916              	.LVL35:
 917              	#NO_APP
 918              	.LBE413:
GAS LISTING /tmp/ccIe1MKi.s 			page 27


 919              	.LBE412:
  45:src/riscv.cpp **** 
 920              		.loc 1 45 13 is_stmt 1
  45:src/riscv.cpp **** 
 921              		.loc 1 45 24 is_stmt 0
 922 02bc 833784FB 		ld	a5,-72(s0)
 923              	.LVL36:
 924              	.LBB414:
 925              	.LBB415:
 135:src/../h/riscv.hpp **** }
 926              		.loc 2 135 5 is_stmt 1
 135:src/../h/riscv.hpp **** }
 927              		.loc 2 135 43 is_stmt 0
 928              	#APP
 929              	# 135 "src/../h/riscv.hpp" 1
 136:src/../h/riscv.hpp **** 
 930              		mv a0, a5
 931              	# 0 "" 2
 932              		.loc 2 136 1
 933              	#NO_APP
 934 02c4 6F004034 		j	.L3
 935              	.LVL37:
 936              	.L34:
 937              	.LBE415:
 938              	.LBE414:
 939              	.LBE409:
 940              	.LBB416:
 941              	.LBB388:
  49:src/riscv.cpp ****             void* stack = MemoryAllocator::allocate(DEFAULT_STACK_SIZE);
 942              		.loc 1 49 13 is_stmt 1
 943              	.LBB389:
 944              	.LBB390:
 166:src/../h/riscv.hpp ****     __asm__ volatile("csrr %0, sepc" : "=r"(sepc));
 945              		.loc 2 166 5
 167:src/../h/riscv.hpp ****     return sepc;
 946              		.loc 2 167 5
 167:src/../h/riscv.hpp ****     return sepc;
 947              		.loc 2 167 51 is_stmt 0
 948              	#APP
 949              	# 167 "src/../h/riscv.hpp" 1
 950              		csrr a5, sepc
 951              	# 0 "" 2
 952              	#NO_APP
 953 02cc 2338F4F2 		sd	a5,-208(s0)
 168:src/../h/riscv.hpp **** }
 954              		.loc 2 168 5 is_stmt 1
 168:src/../h/riscv.hpp **** }
 955              		.loc 2 168 12 is_stmt 0
 956 02d0 833404F3 		ld	s1,-208(s0)
 957              	.LVL38:
 958              	.LBE390:
 959              	.LBE389:
  49:src/riscv.cpp ****             void* stack = MemoryAllocator::allocate(DEFAULT_STACK_SIZE);
 960              		.loc 1 49 45
 961 02d4 93844400 		addi	s1,s1,4
 962              	.LVL39:
  50:src/riscv.cpp ****             int status = thread_create_abi((thread_t*)arg1, (TCB::Body)arg2, (void*)arg3, stack);
GAS LISTING /tmp/ccIe1MKi.s 			page 28


 963              		.loc 1 50 13 is_stmt 1
  50:src/riscv.cpp ****             int status = thread_create_abi((thread_t*)arg1, (TCB::Body)arg2, (void*)arg3, stack);
 964              		.loc 1 50 52 is_stmt 0
 965 02d8 37150000 		li	a0,4096
 966 02dc 97000000 		call	_ZN15MemoryAllocator8allocateEm@plt
 966      E7800000 
 967              	.LVL40:
 968 02e4 93060500 		mv	a3,a0
 969              	.LVL41:
  51:src/riscv.cpp ****             return_value = (uint64)status;
 970              		.loc 1 51 13 is_stmt 1
  51:src/riscv.cpp ****             return_value = (uint64)status;
 971              		.loc 1 51 43 is_stmt 0
 972 02e8 033504FD 		ld	a0,-48(s0)
 973              	.LVL42:
 974 02ec 833584FC 		ld	a1,-56(s0)
 975 02f0 033604FC 		ld	a2,-64(s0)
 976 02f4 97000000 		call	_Z17thread_create_abiPP7_threadPFvPvES2_S2_@plt
 976      E7800000 
 977              	.LVL43:
  52:src/riscv.cpp ****             w_sepc(sepc);
 978              		.loc 1 52 13 is_stmt 1
  52:src/riscv.cpp ****             w_sepc(sepc);
 979              		.loc 1 52 26 is_stmt 0
 980 02fc 233CA4FA 		sd	a0,-72(s0)
  53:src/riscv.cpp ****             Riscv::w_a0(return_value);
 981              		.loc 1 53 13 is_stmt 1
 982              	.LVL44:
 983              	.LBB391:
 984              	.LBB392:
 173:src/../h/riscv.hpp **** }
 985              		.loc 2 173 5
 173:src/../h/riscv.hpp **** }
 986              		.loc 2 173 51 is_stmt 0
 987              	#APP
 988              	# 173 "src/../h/riscv.hpp" 1
 989              		csrw sepc, s1
 990              	# 0 "" 2
 991              	.LVL45:
 992              	#NO_APP
 993              	.LBE392:
 994              	.LBE391:
  54:src/riscv.cpp ****         }
 995              		.loc 1 54 13 is_stmt 1
  54:src/riscv.cpp ****         }
 996              		.loc 1 54 24 is_stmt 0
 997 0304 833784FB 		ld	a5,-72(s0)
 998              	.LVL46:
 999              	.LBB393:
 1000              	.LBB394:
 135:src/../h/riscv.hpp **** }
 1001              		.loc 2 135 5 is_stmt 1
 135:src/../h/riscv.hpp **** }
 1002              		.loc 2 135 43 is_stmt 0
 1003              	#APP
 1004              	# 135 "src/../h/riscv.hpp" 1
 136:src/../h/riscv.hpp **** 
GAS LISTING /tmp/ccIe1MKi.s 			page 29


 1005              		mv a0, a5
 1006              	# 0 "" 2
 1007              		.loc 2 136 1
 1008              	#NO_APP
 1009 030c 6F00C02F 		j	.L3
 1010              	.LVL47:
 1011              	.L35:
 1012              	.LBE394:
 1013              	.LBE393:
 1014              	.LBE388:
 1015              	.LBB395:
 1016              	.LBB364:
  57:src/riscv.cpp ****             uint64 sstatus = r_sstatus();
 1017              		.loc 1 57 13 is_stmt 1
 1018              	.LBB365:
 1019              	.LBB366:
 166:src/../h/riscv.hpp ****     __asm__ volatile("csrr %0, sepc" : "=r"(sepc));
 1020              		.loc 2 166 5
 167:src/../h/riscv.hpp ****     return sepc;
 1021              		.loc 2 167 5
 167:src/../h/riscv.hpp ****     return sepc;
 1022              		.loc 2 167 51 is_stmt 0
 1023              	#APP
 1024              	# 167 "src/../h/riscv.hpp" 1
 1025              		csrr a5, sepc
 1026              	# 0 "" 2
 1027              	#NO_APP
 1028 0314 2330F4F4 		sd	a5,-192(s0)
 168:src/../h/riscv.hpp **** }
 1029              		.loc 2 168 5 is_stmt 1
 168:src/../h/riscv.hpp **** }
 1030              		.loc 2 168 12 is_stmt 0
 1031 0318 833404F4 		ld	s1,-192(s0)
 1032              	.LVL48:
 1033              	.LBE366:
 1034              	.LBE365:
  57:src/riscv.cpp ****             uint64 sstatus = r_sstatus();
 1035              		.loc 1 57 45
 1036 031c 93844400 		addi	s1,s1,4
 1037              	.LVL49:
  58:src/riscv.cpp ****             thread_exit_abi();
 1038              		.loc 1 58 13 is_stmt 1
 1039              	.LBB367:
 1040              	.LBB368:
 229:src/../h/riscv.hpp ****     __asm__ volatile("csrr %0, sstatus" : "=r"(sstatus));
 1041              		.loc 2 229 5
 230:src/../h/riscv.hpp ****     return sstatus;
 1042              		.loc 2 230 5
 230:src/../h/riscv.hpp ****     return sstatus;
 1043              		.loc 2 230 57 is_stmt 0
 1044              	#APP
 1045              	# 230 "src/../h/riscv.hpp" 1
 1046              		csrr a5, sstatus
 1047              	# 0 "" 2
 1048              	#NO_APP
 1049 0324 233CF4F2 		sd	a5,-200(s0)
 231:src/../h/riscv.hpp **** }
GAS LISTING /tmp/ccIe1MKi.s 			page 30


 1050              		.loc 2 231 5 is_stmt 1
 231:src/../h/riscv.hpp **** }
 1051              		.loc 2 231 12 is_stmt 0
 1052 0328 033984F3 		ld	s2,-200(s0)
 1053              	.LVL50:
 1054              	.LBE368:
 1055              	.LBE367:
  59:src/riscv.cpp ****             w_sepc(sepc);
 1056              		.loc 1 59 13 is_stmt 1
  59:src/riscv.cpp ****             w_sepc(sepc);
 1057              		.loc 1 59 28 is_stmt 0
 1058 032c 97000000 		call	_Z15thread_exit_abiv@plt
 1058      E7800000 
 1059              	.LVL51:
  60:src/riscv.cpp ****             w_sstatus(sstatus);
 1060              		.loc 1 60 13 is_stmt 1
 1061              	.LBB369:
 1062              	.LBB370:
 173:src/../h/riscv.hpp **** }
 1063              		.loc 2 173 5
 173:src/../h/riscv.hpp **** }
 1064              		.loc 2 173 51 is_stmt 0
 1065              	#APP
 1066              	# 173 "src/../h/riscv.hpp" 1
 1067              		csrw sepc, s1
 1068              	# 0 "" 2
 1069              	.LVL52:
 1070              	#NO_APP
 1071              	.LBE370:
 1072              	.LBE369:
  61:src/riscv.cpp ****             Riscv::w_a0(0);
 1073              		.loc 1 61 13 is_stmt 1
 1074              	.LBB371:
 1075              	.LBB372:
 236:src/../h/riscv.hpp **** }
 1076              		.loc 2 236 5
 236:src/../h/riscv.hpp **** }
 1077              		.loc 2 236 57 is_stmt 0
 1078              	#APP
 1079              	# 236 "src/../h/riscv.hpp" 1
 1080              		csrw sstatus, s2
 1081              	# 0 "" 2
 1082              	.LVL53:
 1083              	#NO_APP
 1084              	.LBE372:
 1085              	.LBE371:
  62:src/riscv.cpp ****         }
 1086              		.loc 1 62 13 is_stmt 1
 1087              	.LBB373:
 1088              	.LBB374:
 135:src/../h/riscv.hpp **** }
 1089              		.loc 2 135 5
 135:src/../h/riscv.hpp **** }
 1090              		.loc 2 135 43 is_stmt 0
 1091 033c 93070000 		li	a5,0
 1092              	#APP
 1093              	# 135 "src/../h/riscv.hpp" 1
GAS LISTING /tmp/ccIe1MKi.s 			page 31


 136:src/../h/riscv.hpp **** 
 1094              		mv a0, a5
 1095              	# 0 "" 2
 1096              		.loc 2 136 1
 1097              	#NO_APP
 1098 0344 6F00402C 		j	.L3
 1099              	.LVL54:
 1100              	.L36:
 1101              	.LBE374:
 1102              	.LBE373:
 1103              	.LBE364:
 1104              	.LBB375:
 1105              	.LBB345:
  66:src/riscv.cpp ****             TCB* current = TCB::running;
 1106              		.loc 1 66 13 is_stmt 1
 1107              	.LBB346:
 1108              	.LBB347:
 166:src/../h/riscv.hpp ****     __asm__ volatile("csrr %0, sepc" : "=r"(sepc));
 1109              		.loc 2 166 5
 167:src/../h/riscv.hpp ****     return sepc;
 1110              		.loc 2 167 5
 167:src/../h/riscv.hpp ****     return sepc;
 1111              		.loc 2 167 51 is_stmt 0
 1112              	#APP
 1113              	# 167 "src/../h/riscv.hpp" 1
 1114              		csrr a5, sepc
 1115              	# 0 "" 2
 1116              	#NO_APP
 1117 034c 2334F4F4 		sd	a5,-184(s0)
 168:src/../h/riscv.hpp **** }
 1118              		.loc 2 168 5 is_stmt 1
 168:src/../h/riscv.hpp **** }
 1119              		.loc 2 168 12 is_stmt 0
 1120 0350 833484F4 		ld	s1,-184(s0)
 1121              	.LVL55:
 1122              	.LBE347:
 1123              	.LBE346:
  66:src/riscv.cpp ****             TCB* current = TCB::running;
 1124              		.loc 1 66 45
 1125 0354 93844400 		addi	s1,s1,4
 1126              	.LVL56:
  67:src/riscv.cpp ****             current->sleepTimeSlice = arg1;
 1127              		.loc 1 67 13 is_stmt 1
  67:src/riscv.cpp ****             current->sleepTimeSlice = arg1;
 1128              		.loc 1 67 18 is_stmt 0
 1129 0358 97070000 		la	a5,_ZN3TCB7runningE
 1129      83B70700 
 1130 0360 03B50700 		ld	a0,0(a5)
 1131              	.LVL57:
  68:src/riscv.cpp ****             current->setBlocked(true);
 1132              		.loc 1 68 13 is_stmt 1
  68:src/riscv.cpp ****             current->setBlocked(true);
 1133              		.loc 1 68 37 is_stmt 0
 1134 0364 833704FD 		ld	a5,-48(s0)
 1135 0368 2338F502 		sd	a5,48(a0)
  69:src/riscv.cpp ****             Scheduler::putS(current);
 1136              		.loc 1 69 13 is_stmt 1
GAS LISTING /tmp/ccIe1MKi.s 			page 32


 1137              	.LVL58:
 1138              	.LBB348:
 1139              	.LBB349:
 1140              		.file 3 "src/../h/../h/tcb.hpp"
   1:src/../h/../h/tcb.hpp **** //
   2:src/../h/../h/tcb.hpp **** // Created by os on 6/8/26.
   3:src/../h/../h/tcb.hpp **** //
   4:src/../h/../h/tcb.hpp **** 
   5:src/../h/../h/tcb.hpp **** #ifndef PROJECT_BASE_V1_1_CCB_HPP
   6:src/../h/../h/tcb.hpp **** #define PROJECT_BASE_V1_1_CCB_HPP
   7:src/../h/../h/tcb.hpp **** #include "printing.hpp"
   8:src/../h/../h/tcb.hpp **** #include "../lib/hw.h"
   9:src/../h/../h/tcb.hpp **** #include "scheduler.hpp"
  10:src/../h/../h/tcb.hpp **** #include "riscv.hpp"
  11:src/../h/../h/tcb.hpp **** #include "semkernel.hpp"
  12:src/../h/../h/tcb.hpp **** 
  13:src/../h/../h/tcb.hpp **** 
  14:src/../h/../h/tcb.hpp **** class TCB {
  15:src/../h/../h/tcb.hpp **** public:
  16:src/../h/../h/tcb.hpp ****     static int ID;
  17:src/../h/../h/tcb.hpp ****     int id;
  18:src/../h/../h/tcb.hpp **** 
  19:src/../h/../h/tcb.hpp ****     bool isFinished() const {
  20:src/../h/../h/tcb.hpp ****         return finished;
  21:src/../h/../h/tcb.hpp ****     }
  22:src/../h/../h/tcb.hpp ****     void setFinished(bool stat) {
  23:src/../h/../h/tcb.hpp ****         this->finished = stat;
  24:src/../h/../h/tcb.hpp ****     }
  25:src/../h/../h/tcb.hpp **** 
  26:src/../h/../h/tcb.hpp ****     void setBlocked(bool stat) {
  27:src/../h/../h/tcb.hpp ****         this->blocked = stat;
 1141              		.loc 3 27 9
 1142              		.loc 3 27 23 is_stmt 0
 1143 036c 93071000 		li	a5,1
 1144 0370 A30CF502 		sb	a5,57(a0)
 1145              	.LVL59:
 1146              	.LBE349:
 1147              	.LBE348:
  70:src/riscv.cpp ****             TCB::dispatch();
 1148              		.loc 1 70 13 is_stmt 1
  70:src/riscv.cpp ****             TCB::dispatch();
 1149              		.loc 1 70 28 is_stmt 0
 1150 0374 97000000 		call	_ZN9Scheduler4putSEP3TCB@plt
 1150      E7800000 
 1151              	.LVL60:
  71:src/riscv.cpp ****             w_sepc(sepc);
 1152              		.loc 1 71 13 is_stmt 1
  71:src/riscv.cpp ****             w_sepc(sepc);
 1153              		.loc 1 71 26 is_stmt 0
 1154 037c 97000000 		call	_ZN3TCB8dispatchEv@plt
 1154      E7800000 
 1155              	.LVL61:
  72:src/riscv.cpp ****         }
 1156              		.loc 1 72 13 is_stmt 1
 1157              	.LBB350:
 1158              	.LBB351:
 173:src/../h/riscv.hpp **** }
GAS LISTING /tmp/ccIe1MKi.s 			page 33


 1159              		.loc 2 173 5
 173:src/../h/riscv.hpp **** }
 1160              		.loc 2 173 51 is_stmt 0
 1161              	#APP
 1162              	# 173 "src/../h/riscv.hpp" 1
 174:src/../h/riscv.hpp **** 
 1163              		csrw sepc, s1
 1164              	# 0 "" 2
 1165              		.loc 2 174 1
 1166              	#NO_APP
 1167 0388 6F000028 		j	.L3
 1168              	.LVL62:
 1169              	.L37:
 1170              	.LBE351:
 1171              	.LBE350:
 1172              	.LBE345:
 1173              	.LBB352:
 1174              	.LBB329:
  76:src/riscv.cpp ****             thread_sleep_abi((time_t)arg1);
 1175              		.loc 1 76 13 is_stmt 1
 1176              	.LBB330:
 1177              	.LBB331:
 166:src/../h/riscv.hpp ****     __asm__ volatile("csrr %0, sepc" : "=r"(sepc));
 1178              		.loc 2 166 5
 167:src/../h/riscv.hpp ****     return sepc;
 1179              		.loc 2 167 5
 167:src/../h/riscv.hpp ****     return sepc;
 1180              		.loc 2 167 51 is_stmt 0
 1181              	#APP
 1182              	# 167 "src/../h/riscv.hpp" 1
 1183              		csrr a5, sepc
 1184              	# 0 "" 2
 1185              	#NO_APP
 1186 0390 2338F4F4 		sd	a5,-176(s0)
 168:src/../h/riscv.hpp **** }
 1187              		.loc 2 168 5 is_stmt 1
 168:src/../h/riscv.hpp **** }
 1188              		.loc 2 168 12 is_stmt 0
 1189 0394 833404F5 		ld	s1,-176(s0)
 1190              	.LVL63:
 1191              	.LBE331:
 1192              	.LBE330:
  76:src/riscv.cpp ****             thread_sleep_abi((time_t)arg1);
 1193              		.loc 1 76 45
 1194 0398 93844400 		addi	s1,s1,4
 1195              	.LVL64:
  77:src/riscv.cpp ****             TCB::dispatch();
 1196              		.loc 1 77 13 is_stmt 1
  77:src/riscv.cpp ****             TCB::dispatch();
 1197              		.loc 1 77 29 is_stmt 0
 1198 039c 033504FD 		ld	a0,-48(s0)
 1199 03a0 97000000 		call	_Z16thread_sleep_abim@plt
 1199      E7800000 
 1200              	.LVL65:
  78:src/riscv.cpp ****             w_sepc(sepc);
 1201              		.loc 1 78 13 is_stmt 1
  78:src/riscv.cpp ****             w_sepc(sepc);
GAS LISTING /tmp/ccIe1MKi.s 			page 34


 1202              		.loc 1 78 26 is_stmt 0
 1203 03a8 97000000 		call	_ZN3TCB8dispatchEv@plt
 1203      E7800000 
 1204              	.LVL66:
  79:src/riscv.cpp ****         }
 1205              		.loc 1 79 13 is_stmt 1
 1206              	.LBB332:
 1207              	.LBB333:
 173:src/../h/riscv.hpp **** }
 1208              		.loc 2 173 5
 173:src/../h/riscv.hpp **** }
 1209              		.loc 2 173 51 is_stmt 0
 1210              	#APP
 1211              	# 173 "src/../h/riscv.hpp" 1
 174:src/../h/riscv.hpp **** 
 1212              		csrw sepc, s1
 1213              	# 0 "" 2
 1214              		.loc 2 174 1
 1215              	#NO_APP
 1216 03b4 6F004025 		j	.L3
 1217              	.LVL67:
 1218              	.L38:
 1219              	.LBE333:
 1220              	.LBE332:
 1221              	.LBE329:
 1222              	.LBB334:
 1223              	.LBB312:
  83:src/riscv.cpp ****             int status = sem_open_abi((sem_t*)arg1, (int)arg2);
 1224              		.loc 1 83 13 is_stmt 1
 1225              	.LBB313:
 1226              	.LBB314:
 166:src/../h/riscv.hpp ****     __asm__ volatile("csrr %0, sepc" : "=r"(sepc));
 1227              		.loc 2 166 5
 167:src/../h/riscv.hpp ****     return sepc;
 1228              		.loc 2 167 5
 167:src/../h/riscv.hpp ****     return sepc;
 1229              		.loc 2 167 51 is_stmt 0
 1230              	#APP
 1231              	# 167 "src/../h/riscv.hpp" 1
 1232              		csrr a5, sepc
 1233              	# 0 "" 2
 1234              	#NO_APP
 1235 03bc 233CF4F4 		sd	a5,-168(s0)
 168:src/../h/riscv.hpp **** }
 1236              		.loc 2 168 5 is_stmt 1
 168:src/../h/riscv.hpp **** }
 1237              		.loc 2 168 12 is_stmt 0
 1238 03c0 833484F5 		ld	s1,-168(s0)
 1239              	.LVL68:
 1240              	.LBE314:
 1241              	.LBE313:
  83:src/riscv.cpp ****             int status = sem_open_abi((sem_t*)arg1, (int)arg2);
 1242              		.loc 1 83 45
 1243 03c4 93844400 		addi	s1,s1,4
 1244              	.LVL69:
  84:src/riscv.cpp ****             return_value = (uint64)status;
 1245              		.loc 1 84 13 is_stmt 1
GAS LISTING /tmp/ccIe1MKi.s 			page 35


  84:src/riscv.cpp ****             return_value = (uint64)status;
 1246              		.loc 1 84 38 is_stmt 0
 1247 03c8 033504FD 		ld	a0,-48(s0)
 1248 03cc 833584FC 		ld	a1,-56(s0)
 1249 03d0 9B850500 		sext.w	a1,a1
 1250 03d4 97000000 		call	_Z12sem_open_abiPP4_semi@plt
 1250      E7800000 
 1251              	.LVL70:
  85:src/riscv.cpp ****             w_sepc(sepc);
 1252              		.loc 1 85 13 is_stmt 1
  85:src/riscv.cpp ****             w_sepc(sepc);
 1253              		.loc 1 85 26 is_stmt 0
 1254 03dc 233CA4FA 		sd	a0,-72(s0)
  86:src/riscv.cpp ****             Riscv::w_a0(return_value);
 1255              		.loc 1 86 13 is_stmt 1
 1256              	.LVL71:
 1257              	.LBB315:
 1258              	.LBB316:
 173:src/../h/riscv.hpp **** }
 1259              		.loc 2 173 5
 173:src/../h/riscv.hpp **** }
 1260              		.loc 2 173 51 is_stmt 0
 1261              	#APP
 1262              	# 173 "src/../h/riscv.hpp" 1
 1263              		csrw sepc, s1
 1264              	# 0 "" 2
 1265              	.LVL72:
 1266              	#NO_APP
 1267              	.LBE316:
 1268              	.LBE315:
  87:src/riscv.cpp ****         }
 1269              		.loc 1 87 13 is_stmt 1
  87:src/riscv.cpp ****         }
 1270              		.loc 1 87 24 is_stmt 0
 1271 03e4 833784FB 		ld	a5,-72(s0)
 1272              	.LVL73:
 1273              	.LBB317:
 1274              	.LBB318:
 135:src/../h/riscv.hpp **** }
 1275              		.loc 2 135 5 is_stmt 1
 135:src/../h/riscv.hpp **** }
 1276              		.loc 2 135 43 is_stmt 0
 1277              	#APP
 1278              	# 135 "src/../h/riscv.hpp" 1
 136:src/../h/riscv.hpp **** 
 1279              		mv a0, a5
 1280              	# 0 "" 2
 1281              		.loc 2 136 1
 1282              	#NO_APP
 1283 03ec 6F00C021 		j	.L3
 1284              	.LVL74:
 1285              	.L39:
 1286              	.LBE318:
 1287              	.LBE317:
 1288              	.LBE312:
 1289              	.LBB319:
 1290              	.LBB296:
GAS LISTING /tmp/ccIe1MKi.s 			page 36


  91:src/riscv.cpp ****             int status = sem_close_abi((sem_t)arg1);
 1291              		.loc 1 91 13 is_stmt 1
 1292              	.LBB297:
 1293              	.LBB298:
 166:src/../h/riscv.hpp ****     __asm__ volatile("csrr %0, sepc" : "=r"(sepc));
 1294              		.loc 2 166 5
 167:src/../h/riscv.hpp ****     return sepc;
 1295              		.loc 2 167 5
 167:src/../h/riscv.hpp ****     return sepc;
 1296              		.loc 2 167 51 is_stmt 0
 1297              	#APP
 1298              	# 167 "src/../h/riscv.hpp" 1
 1299              		csrr a5, sepc
 1300              	# 0 "" 2
 1301              	#NO_APP
 1302 03f4 2330F4F6 		sd	a5,-160(s0)
 168:src/../h/riscv.hpp **** }
 1303              		.loc 2 168 5 is_stmt 1
 168:src/../h/riscv.hpp **** }
 1304              		.loc 2 168 12 is_stmt 0
 1305 03f8 833404F6 		ld	s1,-160(s0)
 1306              	.LVL75:
 1307              	.LBE298:
 1308              	.LBE297:
  91:src/riscv.cpp ****             int status = sem_close_abi((sem_t)arg1);
 1309              		.loc 1 91 45
 1310 03fc 93844400 		addi	s1,s1,4
 1311              	.LVL76:
  92:src/riscv.cpp ****             return_value = (uint64)status;
 1312              		.loc 1 92 13 is_stmt 1
  92:src/riscv.cpp ****             return_value = (uint64)status;
 1313              		.loc 1 92 39 is_stmt 0
 1314 0400 033504FD 		ld	a0,-48(s0)
 1315 0404 97000000 		call	_Z13sem_close_abiP4_sem@plt
 1315      E7800000 
 1316              	.LVL77:
  93:src/riscv.cpp ****             w_sepc(sepc);
 1317              		.loc 1 93 13 is_stmt 1
  93:src/riscv.cpp ****             w_sepc(sepc);
 1318              		.loc 1 93 26 is_stmt 0
 1319 040c 233CA4FA 		sd	a0,-72(s0)
  94:src/riscv.cpp ****             Riscv::w_a0(return_value);
 1320              		.loc 1 94 13 is_stmt 1
 1321              	.LVL78:
 1322              	.LBB299:
 1323              	.LBB300:
 173:src/../h/riscv.hpp **** }
 1324              		.loc 2 173 5
 173:src/../h/riscv.hpp **** }
 1325              		.loc 2 173 51 is_stmt 0
 1326              	#APP
 1327              	# 173 "src/../h/riscv.hpp" 1
 1328              		csrw sepc, s1
 1329              	# 0 "" 2
 1330              	.LVL79:
 1331              	#NO_APP
 1332              	.LBE300:
GAS LISTING /tmp/ccIe1MKi.s 			page 37


 1333              	.LBE299:
  95:src/riscv.cpp ****         }
 1334              		.loc 1 95 13 is_stmt 1
  95:src/riscv.cpp ****         }
 1335              		.loc 1 95 24 is_stmt 0
 1336 0414 833784FB 		ld	a5,-72(s0)
 1337              	.LVL80:
 1338              	.LBB301:
 1339              	.LBB302:
 135:src/../h/riscv.hpp **** }
 1340              		.loc 2 135 5 is_stmt 1
 135:src/../h/riscv.hpp **** }
 1341              		.loc 2 135 43 is_stmt 0
 1342              	#APP
 1343              	# 135 "src/../h/riscv.hpp" 1
 136:src/../h/riscv.hpp **** 
 1344              		mv a0, a5
 1345              	# 0 "" 2
 1346              		.loc 2 136 1
 1347              	#NO_APP
 1348 041c 6F00C01E 		j	.L3
 1349              	.LVL81:
 1350              	.L40:
 1351              	.LBE302:
 1352              	.LBE301:
 1353              	.LBE296:
 1354              	.LBB303:
 1355              	.LBB281:
  98:src/riscv.cpp ****             int status = sem_wait_abi((sem_t)arg1);
 1356              		.loc 1 98 13 is_stmt 1
 1357              	.LBB282:
 1358              	.LBB283:
 166:src/../h/riscv.hpp ****     __asm__ volatile("csrr %0, sepc" : "=r"(sepc));
 1359              		.loc 2 166 5
 167:src/../h/riscv.hpp ****     return sepc;
 1360              		.loc 2 167 5
 167:src/../h/riscv.hpp ****     return sepc;
 1361              		.loc 2 167 51 is_stmt 0
 1362              	#APP
 1363              	# 167 "src/../h/riscv.hpp" 1
 1364              		csrr a5, sepc
 1365              	# 0 "" 2
 1366              	#NO_APP
 1367 0424 2334F4F6 		sd	a5,-152(s0)
 168:src/../h/riscv.hpp **** }
 1368              		.loc 2 168 5 is_stmt 1
 168:src/../h/riscv.hpp **** }
 1369              		.loc 2 168 12 is_stmt 0
 1370 0428 833484F6 		ld	s1,-152(s0)
 1371              	.LVL82:
 1372              	.LBE283:
 1373              	.LBE282:
  98:src/riscv.cpp ****             int status = sem_wait_abi((sem_t)arg1);
 1374              		.loc 1 98 45
 1375 042c 93844400 		addi	s1,s1,4
 1376              	.LVL83:
  99:src/riscv.cpp ****             return_value = (uint64)status;
GAS LISTING /tmp/ccIe1MKi.s 			page 38


 1377              		.loc 1 99 13 is_stmt 1
  99:src/riscv.cpp ****             return_value = (uint64)status;
 1378              		.loc 1 99 38 is_stmt 0
 1379 0430 033504FD 		ld	a0,-48(s0)
 1380 0434 97000000 		call	_Z12sem_wait_abiP4_sem@plt
 1380      E7800000 
 1381              	.LVL84:
 100:src/riscv.cpp ****             w_sepc(sepc);
 1382              		.loc 1 100 13 is_stmt 1
 100:src/riscv.cpp ****             w_sepc(sepc);
 1383              		.loc 1 100 26 is_stmt 0
 1384 043c 233CA4FA 		sd	a0,-72(s0)
 101:src/riscv.cpp ****             Riscv::w_a0(return_value);
 1385              		.loc 1 101 13 is_stmt 1
 1386              	.LVL85:
 1387              	.LBB284:
 1388              	.LBB285:
 173:src/../h/riscv.hpp **** }
 1389              		.loc 2 173 5
 173:src/../h/riscv.hpp **** }
 1390              		.loc 2 173 51 is_stmt 0
 1391              	#APP
 1392              	# 173 "src/../h/riscv.hpp" 1
 1393              		csrw sepc, s1
 1394              	# 0 "" 2
 1395              	.LVL86:
 1396              	#NO_APP
 1397              	.LBE285:
 1398              	.LBE284:
 102:src/riscv.cpp ****         }
 1399              		.loc 1 102 13 is_stmt 1
 102:src/riscv.cpp ****         }
 1400              		.loc 1 102 24 is_stmt 0
 1401 0444 833784FB 		ld	a5,-72(s0)
 1402              	.LVL87:
 1403              	.LBB286:
 1404              	.LBB287:
 135:src/../h/riscv.hpp **** }
 1405              		.loc 2 135 5 is_stmt 1
 135:src/../h/riscv.hpp **** }
 1406              		.loc 2 135 43 is_stmt 0
 1407              	#APP
 1408              	# 135 "src/../h/riscv.hpp" 1
 136:src/../h/riscv.hpp **** 
 1409              		mv a0, a5
 1410              	# 0 "" 2
 1411              		.loc 2 136 1
 1412              	#NO_APP
 1413 044c 6F00C01B 		j	.L3
 1414              	.LVL88:
 1415              	.L41:
 1416              	.LBE287:
 1417              	.LBE286:
 1418              	.LBE281:
 1419              	.LBB288:
 1420              	.LBB267:
 105:src/riscv.cpp ****             int status = sem_signal_abi((sem_t)arg1);
GAS LISTING /tmp/ccIe1MKi.s 			page 39


 1421              		.loc 1 105 13 is_stmt 1
 1422              	.LBB268:
 1423              	.LBB269:
 166:src/../h/riscv.hpp ****     __asm__ volatile("csrr %0, sepc" : "=r"(sepc));
 1424              		.loc 2 166 5
 167:src/../h/riscv.hpp ****     return sepc;
 1425              		.loc 2 167 5
 167:src/../h/riscv.hpp ****     return sepc;
 1426              		.loc 2 167 51 is_stmt 0
 1427              	#APP
 1428              	# 167 "src/../h/riscv.hpp" 1
 1429              		csrr a5, sepc
 1430              	# 0 "" 2
 1431              	#NO_APP
 1432 0454 2338F4F6 		sd	a5,-144(s0)
 168:src/../h/riscv.hpp **** }
 1433              		.loc 2 168 5 is_stmt 1
 168:src/../h/riscv.hpp **** }
 1434              		.loc 2 168 12 is_stmt 0
 1435 0458 833404F7 		ld	s1,-144(s0)
 1436              	.LVL89:
 1437              	.LBE269:
 1438              	.LBE268:
 105:src/riscv.cpp ****             int status = sem_signal_abi((sem_t)arg1);
 1439              		.loc 1 105 45
 1440 045c 93844400 		addi	s1,s1,4
 1441              	.LVL90:
 106:src/riscv.cpp ****             return_value = (uint64)status;
 1442              		.loc 1 106 13 is_stmt 1
 106:src/riscv.cpp ****             return_value = (uint64)status;
 1443              		.loc 1 106 40 is_stmt 0
 1444 0460 033504FD 		ld	a0,-48(s0)
 1445 0464 97000000 		call	_Z14sem_signal_abiP4_sem@plt
 1445      E7800000 
 1446              	.LVL91:
 107:src/riscv.cpp ****             w_sepc(sepc);
 1447              		.loc 1 107 13 is_stmt 1
 107:src/riscv.cpp ****             w_sepc(sepc);
 1448              		.loc 1 107 26 is_stmt 0
 1449 046c 233CA4FA 		sd	a0,-72(s0)
 108:src/riscv.cpp ****             Riscv::w_a0(return_value);
 1450              		.loc 1 108 13 is_stmt 1
 1451              	.LVL92:
 1452              	.LBB270:
 1453              	.LBB271:
 173:src/../h/riscv.hpp **** }
 1454              		.loc 2 173 5
 173:src/../h/riscv.hpp **** }
 1455              		.loc 2 173 51 is_stmt 0
 1456              	#APP
 1457              	# 173 "src/../h/riscv.hpp" 1
 1458              		csrw sepc, s1
 1459              	# 0 "" 2
 1460              	.LVL93:
 1461              	#NO_APP
 1462              	.LBE271:
 1463              	.LBE270:
GAS LISTING /tmp/ccIe1MKi.s 			page 40


 109:src/riscv.cpp ****         }
 1464              		.loc 1 109 13 is_stmt 1
 109:src/riscv.cpp ****         }
 1465              		.loc 1 109 24 is_stmt 0
 1466 0474 833784FB 		ld	a5,-72(s0)
 1467              	.LVL94:
 1468              	.LBB272:
 1469              	.LBB273:
 135:src/../h/riscv.hpp **** }
 1470              		.loc 2 135 5 is_stmt 1
 135:src/../h/riscv.hpp **** }
 1471              		.loc 2 135 43 is_stmt 0
 1472              	#APP
 1473              	# 135 "src/../h/riscv.hpp" 1
 136:src/../h/riscv.hpp **** 
 1474              		mv a0, a5
 1475              	# 0 "" 2
 1476              		.loc 2 136 1
 1477              	#NO_APP
 1478 047c 6F00C018 		j	.L3
 1479              	.LVL95:
 1480              	.L42:
 1481              	.LBE273:
 1482              	.LBE272:
 1483              	.LBE267:
 1484              	.LBB274:
 1485              	.LBB254:
 112:src/riscv.cpp ****             int status = sem_wait_n_abi((sem_t)arg1, (int)arg2);
 1486              		.loc 1 112 13 is_stmt 1
 1487              	.LBB255:
 1488              	.LBB256:
 166:src/../h/riscv.hpp ****     __asm__ volatile("csrr %0, sepc" : "=r"(sepc));
 1489              		.loc 2 166 5
 167:src/../h/riscv.hpp ****     return sepc;
 1490              		.loc 2 167 5
 167:src/../h/riscv.hpp ****     return sepc;
 1491              		.loc 2 167 51 is_stmt 0
 1492              	#APP
 1493              	# 167 "src/../h/riscv.hpp" 1
 1494              		csrr a5, sepc
 1495              	# 0 "" 2
 1496              	#NO_APP
 1497 0484 233CF4F6 		sd	a5,-136(s0)
 168:src/../h/riscv.hpp **** }
 1498              		.loc 2 168 5 is_stmt 1
 168:src/../h/riscv.hpp **** }
 1499              		.loc 2 168 12 is_stmt 0
 1500 0488 833484F7 		ld	s1,-136(s0)
 1501              	.LVL96:
 1502              	.LBE256:
 1503              	.LBE255:
 112:src/riscv.cpp ****             int status = sem_wait_n_abi((sem_t)arg1, (int)arg2);
 1504              		.loc 1 112 45
 1505 048c 93844400 		addi	s1,s1,4
 1506              	.LVL97:
 113:src/riscv.cpp ****             return_value = (uint64)status;
 1507              		.loc 1 113 13 is_stmt 1
GAS LISTING /tmp/ccIe1MKi.s 			page 41


 113:src/riscv.cpp ****             return_value = (uint64)status;
 1508              		.loc 1 113 40 is_stmt 0
 1509 0490 033504FD 		ld	a0,-48(s0)
 1510 0494 833584FC 		ld	a1,-56(s0)
 1511 0498 9B850500 		sext.w	a1,a1
 1512 049c 97000000 		call	_Z14sem_wait_n_abiP4_semi@plt
 1512      E7800000 
 1513              	.LVL98:
 114:src/riscv.cpp ****             w_sepc(sepc);
 1514              		.loc 1 114 13 is_stmt 1
 114:src/riscv.cpp ****             w_sepc(sepc);
 1515              		.loc 1 114 26 is_stmt 0
 1516 04a4 233CA4FA 		sd	a0,-72(s0)
 115:src/riscv.cpp ****             Riscv::w_a0(return_value);
 1517              		.loc 1 115 13 is_stmt 1
 1518              	.LVL99:
 1519              	.LBB257:
 1520              	.LBB258:
 173:src/../h/riscv.hpp **** }
 1521              		.loc 2 173 5
 173:src/../h/riscv.hpp **** }
 1522              		.loc 2 173 51 is_stmt 0
 1523              	#APP
 1524              	# 173 "src/../h/riscv.hpp" 1
 1525              		csrw sepc, s1
 1526              	# 0 "" 2
 1527              	.LVL100:
 1528              	#NO_APP
 1529              	.LBE258:
 1530              	.LBE257:
 116:src/riscv.cpp **** 
 1531              		.loc 1 116 13 is_stmt 1
 116:src/riscv.cpp **** 
 1532              		.loc 1 116 24 is_stmt 0
 1533 04ac 833784FB 		ld	a5,-72(s0)
 1534              	.LVL101:
 1535              	.LBB259:
 1536              	.LBB260:
 135:src/../h/riscv.hpp **** }
 1537              		.loc 2 135 5 is_stmt 1
 135:src/../h/riscv.hpp **** }
 1538              		.loc 2 135 43 is_stmt 0
 1539              	#APP
 1540              	# 135 "src/../h/riscv.hpp" 1
 136:src/../h/riscv.hpp **** 
 1541              		mv a0, a5
 1542              	# 0 "" 2
 1543              		.loc 2 136 1
 1544              	#NO_APP
 1545 04b4 6F004015 		j	.L3
 1546              	.LVL102:
 1547              	.L43:
 1548              	.LBE260:
 1549              	.LBE259:
 1550              	.LBE254:
 1551              	.LBB261:
 1552              	.LBB242:
GAS LISTING /tmp/ccIe1MKi.s 			page 42


 120:src/riscv.cpp ****             int status = sem_signal_n_abi((sem_t)arg1, (int)arg2);
 1553              		.loc 1 120 13 is_stmt 1
 1554              	.LBB243:
 1555              	.LBB244:
 166:src/../h/riscv.hpp ****     __asm__ volatile("csrr %0, sepc" : "=r"(sepc));
 1556              		.loc 2 166 5
 167:src/../h/riscv.hpp ****     return sepc;
 1557              		.loc 2 167 5
 167:src/../h/riscv.hpp ****     return sepc;
 1558              		.loc 2 167 51 is_stmt 0
 1559              	#APP
 1560              	# 167 "src/../h/riscv.hpp" 1
 1561              		csrr a5, sepc
 1562              	# 0 "" 2
 1563              	#NO_APP
 1564 04bc 2330F4F8 		sd	a5,-128(s0)
 168:src/../h/riscv.hpp **** }
 1565              		.loc 2 168 5 is_stmt 1
 168:src/../h/riscv.hpp **** }
 1566              		.loc 2 168 12 is_stmt 0
 1567 04c0 833404F8 		ld	s1,-128(s0)
 1568              	.LVL103:
 1569              	.LBE244:
 1570              	.LBE243:
 120:src/riscv.cpp ****             int status = sem_signal_n_abi((sem_t)arg1, (int)arg2);
 1571              		.loc 1 120 45
 1572 04c4 93844400 		addi	s1,s1,4
 1573              	.LVL104:
 121:src/riscv.cpp ****             return_value = (uint64)status;
 1574              		.loc 1 121 13 is_stmt 1
 121:src/riscv.cpp ****             return_value = (uint64)status;
 1575              		.loc 1 121 42 is_stmt 0
 1576 04c8 033504FD 		ld	a0,-48(s0)
 1577 04cc 833584FC 		ld	a1,-56(s0)
 1578 04d0 9B850500 		sext.w	a1,a1
 1579 04d4 97000000 		call	_Z16sem_signal_n_abiP4_semi@plt
 1579      E7800000 
 1580              	.LVL105:
 122:src/riscv.cpp ****             w_sepc(sepc);
 1581              		.loc 1 122 13 is_stmt 1
 122:src/riscv.cpp ****             w_sepc(sepc);
 1582              		.loc 1 122 26 is_stmt 0
 1583 04dc 233CA4FA 		sd	a0,-72(s0)
 123:src/riscv.cpp ****             Riscv::w_a0(return_value);
 1584              		.loc 1 123 13 is_stmt 1
 1585              	.LVL106:
 1586              	.LBB245:
 1587              	.LBB246:
 173:src/../h/riscv.hpp **** }
 1588              		.loc 2 173 5
 173:src/../h/riscv.hpp **** }
 1589              		.loc 2 173 51 is_stmt 0
 1590              	#APP
 1591              	# 173 "src/../h/riscv.hpp" 1
 1592              		csrw sepc, s1
 1593              	# 0 "" 2
 1594              	.LVL107:
GAS LISTING /tmp/ccIe1MKi.s 			page 43


 1595              	#NO_APP
 1596              	.LBE246:
 1597              	.LBE245:
 124:src/riscv.cpp ****         }
 1598              		.loc 1 124 13 is_stmt 1
 124:src/riscv.cpp ****         }
 1599              		.loc 1 124 24 is_stmt 0
 1600 04e4 833784FB 		ld	a5,-72(s0)
 1601              	.LVL108:
 1602              	.LBB247:
 1603              	.LBB248:
 135:src/../h/riscv.hpp **** }
 1604              		.loc 2 135 5 is_stmt 1
 135:src/../h/riscv.hpp **** }
 1605              		.loc 2 135 43 is_stmt 0
 1606              	#APP
 1607              	# 135 "src/../h/riscv.hpp" 1
 136:src/../h/riscv.hpp **** 
 1608              		mv a0, a5
 1609              	# 0 "" 2
 1610              		.loc 2 136 1
 1611              	#NO_APP
 1612 04ec 6F00C011 		j	.L3
 1613              	.LVL109:
 1614              	.L44:
 1615              	.LBE248:
 1616              	.LBE247:
 1617              	.LBE242:
 1618              	.LBB249:
 1619              	.LBB231:
 127:src/riscv.cpp ****             char ret = getc_abi();
 1620              		.loc 1 127 13 is_stmt 1
 1621              	.LBB232:
 1622              	.LBB233:
 166:src/../h/riscv.hpp ****     __asm__ volatile("csrr %0, sepc" : "=r"(sepc));
 1623              		.loc 2 166 5
 167:src/../h/riscv.hpp ****     return sepc;
 1624              		.loc 2 167 5
 167:src/../h/riscv.hpp ****     return sepc;
 1625              		.loc 2 167 51 is_stmt 0
 1626              	#APP
 1627              	# 167 "src/../h/riscv.hpp" 1
 1628              		csrr a5, sepc
 1629              	# 0 "" 2
 1630              	#NO_APP
 1631 04f4 2334F4F8 		sd	a5,-120(s0)
 168:src/../h/riscv.hpp **** }
 1632              		.loc 2 168 5 is_stmt 1
 168:src/../h/riscv.hpp **** }
 1633              		.loc 2 168 12 is_stmt 0
 1634 04f8 833484F8 		ld	s1,-120(s0)
 1635              	.LVL110:
 1636              	.LBE233:
 1637              	.LBE232:
 127:src/riscv.cpp ****             char ret = getc_abi();
 1638              		.loc 1 127 45
 1639 04fc 93844400 		addi	s1,s1,4
GAS LISTING /tmp/ccIe1MKi.s 			page 44


 1640              	.LVL111:
 128:src/riscv.cpp ****             return_value = (uint64)ret;
 1641              		.loc 1 128 13 is_stmt 1
 128:src/riscv.cpp ****             return_value = (uint64)ret;
 1642              		.loc 1 128 32 is_stmt 0
 1643 0500 97000000 		call	_Z8getc_abiv@plt
 1643      E7800000 
 1644              	.LVL112:
 129:src/riscv.cpp ****             w_sepc(sepc);
 1645              		.loc 1 129 13 is_stmt 1
 129:src/riscv.cpp ****             w_sepc(sepc);
 1646              		.loc 1 129 26 is_stmt 0
 1647 0508 233CA4FA 		sd	a0,-72(s0)
 130:src/riscv.cpp ****             Riscv::w_a0(return_value);
 1648              		.loc 1 130 13 is_stmt 1
 1649              	.LVL113:
 1650              	.LBB234:
 1651              	.LBB235:
 173:src/../h/riscv.hpp **** }
 1652              		.loc 2 173 5
 173:src/../h/riscv.hpp **** }
 1653              		.loc 2 173 51 is_stmt 0
 1654              	#APP
 1655              	# 173 "src/../h/riscv.hpp" 1
 1656              		csrw sepc, s1
 1657              	# 0 "" 2
 1658              	.LVL114:
 1659              	#NO_APP
 1660              	.LBE235:
 1661              	.LBE234:
 131:src/riscv.cpp ****         }
 1662              		.loc 1 131 13 is_stmt 1
 131:src/riscv.cpp ****         }
 1663              		.loc 1 131 24 is_stmt 0
 1664 0510 833784FB 		ld	a5,-72(s0)
 1665              	.LVL115:
 1666              	.LBB236:
 1667              	.LBB237:
 135:src/../h/riscv.hpp **** }
 1668              		.loc 2 135 5 is_stmt 1
 135:src/../h/riscv.hpp **** }
 1669              		.loc 2 135 43 is_stmt 0
 1670              	#APP
 1671              	# 135 "src/../h/riscv.hpp" 1
 136:src/../h/riscv.hpp **** 
 1672              		mv a0, a5
 1673              	# 0 "" 2
 1674              		.loc 2 136 1
 1675              	#NO_APP
 1676 0518 6F00000F 		j	.L3
 1677              	.LVL116:
 1678              	.L45:
 1679              	.LBE237:
 1680              	.LBE236:
 1681              	.LBE231:
 1682              	.LBB238:
 1683              	.LBB221:
GAS LISTING /tmp/ccIe1MKi.s 			page 45


 134:src/riscv.cpp ****             putc_abi(arg1);
 1684              		.loc 1 134 13 is_stmt 1
 1685              	.LBB222:
 1686              	.LBB223:
 166:src/../h/riscv.hpp ****     __asm__ volatile("csrr %0, sepc" : "=r"(sepc));
 1687              		.loc 2 166 5
 167:src/../h/riscv.hpp ****     return sepc;
 1688              		.loc 2 167 5
 167:src/../h/riscv.hpp ****     return sepc;
 1689              		.loc 2 167 51 is_stmt 0
 1690              	#APP
 1691              	# 167 "src/../h/riscv.hpp" 1
 1692              		csrr a5, sepc
 1693              	# 0 "" 2
 1694              	#NO_APP
 1695 0520 2338F4F8 		sd	a5,-112(s0)
 168:src/../h/riscv.hpp **** }
 1696              		.loc 2 168 5 is_stmt 1
 168:src/../h/riscv.hpp **** }
 1697              		.loc 2 168 12 is_stmt 0
 1698 0524 833404F9 		ld	s1,-112(s0)
 1699              	.LVL117:
 1700              	.LBE223:
 1701              	.LBE222:
 134:src/riscv.cpp ****             putc_abi(arg1);
 1702              		.loc 1 134 45
 1703 0528 93844400 		addi	s1,s1,4
 1704              	.LVL118:
 135:src/riscv.cpp ****             w_sepc(sepc);
 1705              		.loc 1 135 13 is_stmt 1
 135:src/riscv.cpp ****             w_sepc(sepc);
 1706              		.loc 1 135 21 is_stmt 0
 1707 052c 033504FD 		ld	a0,-48(s0)
 1708 0530 1375F50F 		andi	a0,a0,0xff
 1709 0534 97000000 		call	_Z8putc_abic@plt
 1709      E7800000 
 1710              	.LVL119:
 136:src/riscv.cpp ****             Riscv::w_a0(return_value);
 1711              		.loc 1 136 13 is_stmt 1
 1712              	.LBB224:
 1713              	.LBB225:
 173:src/../h/riscv.hpp **** }
 1714              		.loc 2 173 5
 173:src/../h/riscv.hpp **** }
 1715              		.loc 2 173 51 is_stmt 0
 1716              	#APP
 1717              	# 173 "src/../h/riscv.hpp" 1
 1718              		csrw sepc, s1
 1719              	# 0 "" 2
 1720              	.LVL120:
 1721              	#NO_APP
 1722              	.LBE225:
 1723              	.LBE224:
 137:src/riscv.cpp ****         }
 1724              		.loc 1 137 13 is_stmt 1
 137:src/riscv.cpp ****         }
 1725              		.loc 1 137 24 is_stmt 0
GAS LISTING /tmp/ccIe1MKi.s 			page 46


 1726 0540 833784FB 		ld	a5,-72(s0)
 1727              	.LVL121:
 1728              	.LBB226:
 1729              	.LBB227:
 135:src/../h/riscv.hpp **** }
 1730              		.loc 2 135 5 is_stmt 1
 135:src/../h/riscv.hpp **** }
 1731              		.loc 2 135 43 is_stmt 0
 1732              	#APP
 1733              	# 135 "src/../h/riscv.hpp" 1
 136:src/../h/riscv.hpp **** 
 1734              		mv a0, a5
 1735              	# 0 "" 2
 1736              		.loc 2 136 1
 1737              	#NO_APP
 1738 0548 6F00000C 		j	.L3
 1739              	.LVL122:
 1740              	.L46:
 1741              	.LBE227:
 1742              	.LBE226:
 1743              	.LBE221:
 1744              	.LBB228:
 1745              	.LBB215:
 140:src/riscv.cpp ****             TCB::setPartner((TCB*)arg1, (TCB*)arg2);
 1746              		.loc 1 140 13 is_stmt 1
 1747              	.LBB216:
 1748              	.LBB217:
 166:src/../h/riscv.hpp ****     __asm__ volatile("csrr %0, sepc" : "=r"(sepc));
 1749              		.loc 2 166 5
 167:src/../h/riscv.hpp ****     return sepc;
 1750              		.loc 2 167 5
 167:src/../h/riscv.hpp ****     return sepc;
 1751              		.loc 2 167 51 is_stmt 0
 1752              	#APP
 1753              	# 167 "src/../h/riscv.hpp" 1
 1754              		csrr a5, sepc
 1755              	# 0 "" 2
 1756              	#NO_APP
 1757 0550 233CF4F8 		sd	a5,-104(s0)
 168:src/../h/riscv.hpp **** }
 1758              		.loc 2 168 5 is_stmt 1
 168:src/../h/riscv.hpp **** }
 1759              		.loc 2 168 12 is_stmt 0
 1760 0554 833484F9 		ld	s1,-104(s0)
 1761              	.LVL123:
 1762              	.LBE217:
 1763              	.LBE216:
 140:src/riscv.cpp ****             TCB::setPartner((TCB*)arg1, (TCB*)arg2);
 1764              		.loc 1 140 45
 1765 0558 93844400 		addi	s1,s1,4
 1766              	.LVL124:
 141:src/riscv.cpp ****             w_sepc(sepc);
 1767              		.loc 1 141 13 is_stmt 1
 141:src/riscv.cpp ****             w_sepc(sepc);
 1768              		.loc 1 141 28 is_stmt 0
 1769 055c 033504FD 		ld	a0,-48(s0)
 1770 0560 833584FC 		ld	a1,-56(s0)
GAS LISTING /tmp/ccIe1MKi.s 			page 47


 1771 0564 97000000 		call	_ZN3TCB10setPartnerEPS_S0_@plt
 1771      E7800000 
 1772              	.LVL125:
 142:src/riscv.cpp ****         }
 1773              		.loc 1 142 13 is_stmt 1
 1774              	.LBB218:
 1775              	.LBB219:
 173:src/../h/riscv.hpp **** }
 1776              		.loc 2 173 5
 173:src/../h/riscv.hpp **** }
 1777              		.loc 2 173 51 is_stmt 0
 1778              	#APP
 1779              	# 173 "src/../h/riscv.hpp" 1
 174:src/../h/riscv.hpp **** 
 1780              		csrw sepc, s1
 1781              	# 0 "" 2
 1782              		.loc 2 174 1
 1783              	#NO_APP
 1784 0570 6F008009 		j	.L3
 1785              	.LVL126:
 1786              	.L29:
 1787              	.LBE219:
 1788              	.LBE218:
 1789              	.LBE215:
 1790              	.LBE228:
 1791              	.LBE238:
 1792              	.LBE249:
 1793              	.LBE261:
 1794              	.LBE274:
 1795              	.LBE288:
 1796              	.LBE303:
 1797              	.LBE319:
 1798              	.LBE334:
 1799              	.LBE352:
 1800              	.LBE375:
 1801              	.LBE395:
 1802              	.LBE416:
 1803              	.LBE438:
 1804              	.LBE463:
 1805              	.LBE479:
 1806              	.LBB480:
 1807              	.LBB174:
 155:src/riscv.cpp ****         TCB::timeSliceCounter++;
 1808              		.loc 1 155 9 is_stmt 1
 155:src/riscv.cpp ****         TCB::timeSliceCounter++;
 1809              		.loc 1 155 37 is_stmt 0
 1810 0574 97000000 		call	_ZN3TCB23update_sleeping_threadsEv@plt
 1810      E7800000 
 1811              	.LVL127:
 156:src/riscv.cpp ****         if (TCB::timeSliceCounter >= TCB::running->getTimeSlice()) {
 1812              		.loc 1 156 9 is_stmt 1
 156:src/riscv.cpp ****         if (TCB::timeSliceCounter >= TCB::running->getTimeSlice()) {
 1813              		.loc 1 156 30 is_stmt 0
 1814 057c 17070000 		la	a4,_ZN3TCB16timeSliceCounterE
 1814      03370700 
 1815 0584 83370700 		ld	a5,0(a4)
 1816 0588 93871700 		addi	a5,a5,1
GAS LISTING /tmp/ccIe1MKi.s 			page 48


 1817 058c 2330F700 		sd	a5,0(a4)
 157:src/riscv.cpp ****             uint64 sepc = r_sepc();
 1818              		.loc 1 157 9 is_stmt 1
 1819              	.LBB175:
 157:src/riscv.cpp ****             uint64 sepc = r_sepc();
 1820              		.loc 1 157 64 is_stmt 0
 1821 0590 17070000 		la	a4,_ZN3TCB7runningE
 1821      03370700 
 1822 0598 03370700 		ld	a4,0(a4)
 1823              	.LVL128:
 1824              	.LBB176:
 1825              	.LBB177:
  28:src/../h/../h/tcb.hpp ****     }
  29:src/../h/../h/tcb.hpp **** 
  30:src/../h/../h/tcb.hpp ****     bool isBlocked() const {
  31:src/../h/../h/tcb.hpp ****         return blocked;
  32:src/../h/../h/tcb.hpp ****     }
  33:src/../h/../h/tcb.hpp **** 
  34:src/../h/../h/tcb.hpp ****     void setTerminated(bool stat) {
  35:src/../h/../h/tcb.hpp ****         this->terminated = stat;
  36:src/../h/../h/tcb.hpp ****     }
  37:src/../h/../h/tcb.hpp **** 
  38:src/../h/../h/tcb.hpp ****     void setSemStatus(int status) {
  39:src/../h/../h/tcb.hpp ****         this->semStatus = status;
  40:src/../h/../h/tcb.hpp ****     }
  41:src/../h/../h/tcb.hpp **** 
  42:src/../h/../h/tcb.hpp ****     bool getTerminated() const {
  43:src/../h/../h/tcb.hpp ****         return terminated;
  44:src/../h/../h/tcb.hpp ****     }
  45:src/../h/../h/tcb.hpp **** 
  46:src/../h/../h/tcb.hpp ****     int getSemStatus() const {
  47:src/../h/../h/tcb.hpp ****         return semStatus;
  48:src/../h/../h/tcb.hpp ****     }
  49:src/../h/../h/tcb.hpp **** 
  50:src/../h/../h/tcb.hpp ****     uint64 getTimeSlice() const {
  51:src/../h/../h/tcb.hpp ****         return timeSlice;
 1826              		.loc 3 51 9 is_stmt 1
 1827              		.loc 3 51 16 is_stmt 0
 1828 059c 03378702 		ld	a4,40(a4)
 1829              	.LVL129:
 1830              	.LBE177:
 1831              	.LBE176:
 157:src/riscv.cpp ****             uint64 sepc = r_sepc();
 1832              		.loc 1 157 9
 1833 05a0 63F8E700 		bgeu	a5,a4,.L47
 1834              	.LVL130:
 1835              	.L23:
 1836              	.LBE175:
 165:src/riscv.cpp ****     }
 1837              		.loc 1 165 9 is_stmt 1
 1838              	.LBB187:
 1839              	.LBB188:
 202:src/../h/riscv.hpp **** }
 1840              		.loc 2 202 5
 202:src/../h/riscv.hpp **** }
 1841              		.loc 2 202 50 is_stmt 0
 1842 05a4 93072000 		li	a5,2
GAS LISTING /tmp/ccIe1MKi.s 			page 49


 1843              	#APP
 1844              	# 202 "src/../h/riscv.hpp" 1
 203:src/../h/riscv.hpp **** 
 1845              		csrc sip, a5
 1846              	# 0 "" 2
 1847              		.loc 2 203 1
 1848              	#NO_APP
 1849 05ac 6F00C005 		j	.L3
 1850              	.LVL131:
 1851              	.L47:
 1852              	.LBE188:
 1853              	.LBE187:
 1854              	.LBB189:
 1855              	.LBB178:
 158:src/riscv.cpp ****             uint64 sstatus = r_sstatus();
 1856              		.loc 1 158 13 is_stmt 1
 1857              	.LBB179:
 1858              	.LBB180:
 166:src/../h/riscv.hpp ****     __asm__ volatile("csrr %0, sepc" : "=r"(sepc));
 1859              		.loc 2 166 5
 167:src/../h/riscv.hpp ****     return sepc;
 1860              		.loc 2 167 5
 167:src/../h/riscv.hpp ****     return sepc;
 1861              		.loc 2 167 51 is_stmt 0
 1862              	#APP
 1863              	# 167 "src/../h/riscv.hpp" 1
 1864              		csrr a5, sepc
 1865              	# 0 "" 2
 1866              	#NO_APP
 1867 05b4 2338F4FA 		sd	a5,-80(s0)
 168:src/../h/riscv.hpp **** }
 1868              		.loc 2 168 5 is_stmt 1
 168:src/../h/riscv.hpp **** }
 1869              		.loc 2 168 12 is_stmt 0
 1870 05b8 833404FB 		ld	s1,-80(s0)
 1871              	.LVL132:
 1872              	.LBE180:
 1873              	.LBE179:
 159:src/riscv.cpp ****             TCB::timeSliceCounter = 0;
 1874              		.loc 1 159 13 is_stmt 1
 1875              	.LBB181:
 1876              	.LBB182:
 229:src/../h/riscv.hpp ****     __asm__ volatile("csrr %0, sstatus" : "=r"(sstatus));
 1877              		.loc 2 229 5
 230:src/../h/riscv.hpp ****     return sstatus;
 1878              		.loc 2 230 5
 230:src/../h/riscv.hpp ****     return sstatus;
 1879              		.loc 2 230 57 is_stmt 0
 1880              	#APP
 1881              	# 230 "src/../h/riscv.hpp" 1
 1882              		csrr a5, sstatus
 1883              	# 0 "" 2
 1884              	#NO_APP
 1885 05c0 2334F4FA 		sd	a5,-88(s0)
 231:src/../h/riscv.hpp **** }
 1886              		.loc 2 231 5 is_stmt 1
 231:src/../h/riscv.hpp **** }
GAS LISTING /tmp/ccIe1MKi.s 			page 50


 1887              		.loc 2 231 12 is_stmt 0
 1888 05c4 033984FA 		ld	s2,-88(s0)
 1889              	.LVL133:
 1890              	.LBE182:
 1891              	.LBE181:
 160:src/riscv.cpp ****             TCB::dispatch();
 1892              		.loc 1 160 13 is_stmt 1
 160:src/riscv.cpp ****             TCB::dispatch();
 1893              		.loc 1 160 35 is_stmt 0
 1894 05c8 97070000 		la	a5,_ZN3TCB16timeSliceCounterE
 1894      83B70700 
 1895 05d0 23B00700 		sd	zero,0(a5)
 161:src/riscv.cpp ****             w_sstatus(sstatus);
 1896              		.loc 1 161 13 is_stmt 1
 161:src/riscv.cpp ****             w_sstatus(sstatus);
 1897              		.loc 1 161 26 is_stmt 0
 1898 05d4 97000000 		call	_ZN3TCB8dispatchEv@plt
 1898      E7800000 
 1899              	.LVL134:
 162:src/riscv.cpp ****             w_sepc(sepc);
 1900              		.loc 1 162 13 is_stmt 1
 1901              	.LBB183:
 1902              	.LBB184:
 236:src/../h/riscv.hpp **** }
 1903              		.loc 2 236 5
 236:src/../h/riscv.hpp **** }
 1904              		.loc 2 236 57 is_stmt 0
 1905              	#APP
 1906              	# 236 "src/../h/riscv.hpp" 1
 1907              		csrw sstatus, s2
 1908              	# 0 "" 2
 1909              	.LVL135:
 1910              	#NO_APP
 1911              	.LBE184:
 1912              	.LBE183:
 163:src/riscv.cpp ****         }
 1913              		.loc 1 163 13 is_stmt 1
 1914              	.LBB185:
 1915              	.LBB186:
 173:src/../h/riscv.hpp **** }
 1916              		.loc 2 173 5
 173:src/../h/riscv.hpp **** }
 1917              		.loc 2 173 51 is_stmt 0
 1918              	#APP
 1919              	# 173 "src/../h/riscv.hpp" 1
 174:src/../h/riscv.hpp **** 
 1920              		csrw sepc, s1
 1921              	# 0 "" 2
 1922              		.loc 2 174 1
 1923              	#NO_APP
 1924 05e4 6FF01FFC 		j	.L23
 1925              	.LVL136:
 1926              	.L30:
 1927              	.LBE186:
 1928              	.LBE185:
 1929              	.LBE178:
 1930              	.LBE189:
GAS LISTING /tmp/ccIe1MKi.s 			page 51


 1931              	.LBE174:
 1932              	.LBB190:
 1933              	.LBB172:
 170:src/riscv.cpp ****         if (irq == 10) {
 1934              		.loc 1 170 9 is_stmt 1
 170:src/riscv.cpp ****         if (irq == 10) {
 1935              		.loc 1 170 29 is_stmt 0
 1936 05e8 97000000 		call	plic_claim@plt
 1936      E7800000 
 1937              	.LVL137:
 1938 05f0 93040500 		mv	s1,a0
 1939              	.LVL138:
 171:src/riscv.cpp ****             kernel_console_handler();
 1940              		.loc 1 171 9 is_stmt 1
 1941 05f4 9307A000 		li	a5,10
 1942 05f8 6304F502 		beq	a0,a5,.L48
 1943              	.LVL139:
 1944              	.L25:
 174:src/riscv.cpp ****     }
 1945              		.loc 1 174 9
 174:src/riscv.cpp ****     }
 1946              		.loc 1 174 22 is_stmt 0
 1947 05fc 13850400 		mv	a0,s1
 1948 0600 97000000 		call	plic_complete@plt
 1948      E7800000 
 1949              	.LVL140:
 1950              	.L3:
 1951              	.LBE172:
 1952              	.LBE190:
 1953              	.LBE480:
 1954              	.LBE500:
 189:src/riscv.cpp ****     }
 190:src/riscv.cpp **** 
 191:src/riscv.cpp **** 
 192:src/riscv.cpp **** }...
 1955              		.loc 1 192 1
 1956 0608 8330810F 		ld	ra,248(sp)
 1957              		.cfi_remember_state
 1958              		.cfi_restore 1
 1959 060c 0334010F 		ld	s0,240(sp)
 1960              		.cfi_restore 8
 1961              		.cfi_def_cfa 2, 256
 1962 0610 8334810E 		ld	s1,232(sp)
 1963              		.cfi_restore 9
 1964 0614 0339010E 		ld	s2,224(sp)
 1965              		.cfi_restore 18
 1966 0618 13010110 		addi	sp,sp,256
 1967              		.cfi_def_cfa_offset 0
 1968 061c 67800000 		jr	ra
 1969              	.LVL141:
 1970              	.L48:
 1971              		.cfi_restore_state
 1972              	.LBB501:
 1973              	.LBB481:
 1974              	.LBB191:
 1975              	.LBB173:
 172:src/riscv.cpp ****             kernel_console_handler();
GAS LISTING /tmp/ccIe1MKi.s 			page 52


 1976              		.loc 1 172 13 is_stmt 1
 172:src/riscv.cpp ****             kernel_console_handler();
 1977              		.loc 1 172 35 is_stmt 0
 1978 0620 97000000 		call	_Z22kernel_console_handlerv@plt
 1978      E7800000 
 1979              	.LVL142:
 1980 0628 6FF05FFD 		j	.L25
 1981              	.LBE173:
 1982              	.LBE191:
 1983              	.LBE481:
 1984              	.LBE501:
 1985              		.cfi_endproc
 1986              	.LFE57:
 1988              	.Letext0:
 1989              		.file 4 "src/../h/../h/../lib/hw.h"
 1990              		.file 5 "src/../h/../h/scheduler.hpp"
 1991              		.file 6 "src/../h/../h/list.hpp"
 1992              		.file 7 "src/../h/../h/syscall_c.h"
 1993              		.file 8 "src/../h/../h/semkernel.hpp"
 1994              		.file 9 "src/../h/../h/memory_allocator.hpp"
 1995              		.file 10 "src/../h/../h/consoleKernel.hpp"
 1996              		.file 11 "src/../h/syscall_abi.h"
 1997              		.file 12 "src/../h/../h/printing.hpp"
GAS LISTING /tmp/ccIe1MKi.s 			page 53


DEFINED SYMBOLS
                            *ABS*:0000000000000000 riscv.cpp
     /tmp/ccIe1MKi.s:9      .text:0000000000000000 _ZN5Riscv10popSppSpieEv
     /tmp/ccIe1MKi.s:13     .text:0000000000000000 .L0 
     /tmp/ccIe1MKi.s:14     .text:0000000000000000 .L0 
     /tmp/ccIe1MKi.s:15     .text:0000000000000004 .L0 
     /tmp/ccIe1MKi.s:17     .text:0000000000000008 .L0 
     /tmp/ccIe1MKi.s:19     .text:000000000000000c .L0 
     /tmp/ccIe1MKi.s:21     .text:000000000000000c .L0 
       src/riscv.cpp:7      .text:000000000000000c .L0 
     /tmp/ccIe1MKi.s:27     .text:0000000000000010 .L0 
       src/riscv.cpp:8      .text:0000000000000010 .L0 
     /tmp/ccIe1MKi.s:33     .text:0000000000000014 .L0 
     /tmp/ccIe1MKi.s:34     .text:0000000000000018 .L0 
     /tmp/ccIe1MKi.s:35     .text:0000000000000018 .L0 
     /tmp/ccIe1MKi.s:37     .text:000000000000001c .L0 
     /tmp/ccIe1MKi.s:39     .text:0000000000000020 .L0 
     /tmp/ccIe1MKi.s:59     .text:0000000000000020 _ZN5Riscv20handleSupervisorTrapEv
     /tmp/ccIe1MKi.s:62     .text:0000000000000020 .L0 
     /tmp/ccIe1MKi.s:63     .text:0000000000000020 .L0 
     /tmp/ccIe1MKi.s:64     .text:0000000000000024 .L0 
     /tmp/ccIe1MKi.s:69     .text:0000000000000034 .L0 
     /tmp/ccIe1MKi.s:70     .text:0000000000000034 .L0 
     /tmp/ccIe1MKi.s:71     .text:0000000000000034 .L0 
     /tmp/ccIe1MKi.s:72     .text:0000000000000034 .L0 
     /tmp/ccIe1MKi.s:74     .text:0000000000000038 .L0 
     /tmp/ccIe1MKi.s:79     .text:0000000000000038 .L0 
     /tmp/ccIe1MKi.s:80     .text:0000000000000038 .L0 
     /tmp/ccIe1MKi.s:81     .text:0000000000000038 .L0 
  src/../h/riscv.hpp:154    .text:0000000000000038 .L0 
     /tmp/ccIe1MKi.s:89     .text:0000000000000040 .L0 
     /tmp/ccIe1MKi.s:90     .text:0000000000000040 .L0 
     /tmp/ccIe1MKi.s:95     .text:0000000000000044 .L0 
     /tmp/ccIe1MKi.s:96     .text:0000000000000044 .L0 
       src/riscv.cpp:16     .text:0000000000000044 .L0 
     /tmp/ccIe1MKi.s:104    .text:000000000000004c .L0 
       src/riscv.cpp:17     .text:000000000000004c .L0 
     /tmp/ccIe1MKi.s:112    .text:0000000000000054 .L0 
       src/riscv.cpp:18     .text:0000000000000054 .L0 
     /tmp/ccIe1MKi.s:120    .text:000000000000005c .L0 
       src/riscv.cpp:19     .text:000000000000005c .L0 
     /tmp/ccIe1MKi.s:128    .text:0000000000000064 .L0 
     /tmp/ccIe1MKi.s:129    .text:0000000000000064 .L0 
     /tmp/ccIe1MKi.s:132    .text:0000000000000068 .L0 
     /tmp/ccIe1MKi.s:133    .text:0000000000000068 .L0 
     /tmp/ccIe1MKi.s:135    .text:000000000000006c .L0 
     /tmp/ccIe1MKi.s:141    .text:0000000000000074 .L0 
     /tmp/ccIe1MKi.s:151    .text:0000000000000084 .L0 
     /tmp/ccIe1MKi.s:156    .text:0000000000000094 .L0 
     /tmp/ccIe1MKi.s:157    .text:0000000000000094 .L0 
     /tmp/ccIe1MKi.s:161    .text:00000000000000a4 .L0 
     /tmp/ccIe1MKi.s:162    .text:00000000000000a4 .L0 
     /tmp/ccIe1MKi.s:168    .text:00000000000000b8 .L0 
     /tmp/ccIe1MKi.s:169    .text:00000000000000b8 .L0 
     /tmp/ccIe1MKi.s:173    .text:00000000000000c8 .L0 
     /tmp/ccIe1MKi.s:174    .text:00000000000000c8 .L0 
     /tmp/ccIe1MKi.s:180    .text:00000000000000d8 .L0 
GAS LISTING /tmp/ccIe1MKi.s 			page 54


     /tmp/ccIe1MKi.s:181    .text:00000000000000d8 .L0 
     /tmp/ccIe1MKi.s:182    .text:00000000000000d8 .L0 
  src/../h/riscv.hpp:167    .text:00000000000000d8 .L0 
     /tmp/ccIe1MKi.s:190    .text:00000000000000e0 .L0 
     /tmp/ccIe1MKi.s:191    .text:00000000000000e0 .L0 
     /tmp/ccIe1MKi.s:195    .text:00000000000000e4 .L0 
     /tmp/ccIe1MKi.s:200    .text:00000000000000f4 .L0 
     /tmp/ccIe1MKi.s:201    .text:00000000000000f4 .L0 
     /tmp/ccIe1MKi.s:205    .text:0000000000000104 .L0 
     /tmp/ccIe1MKi.s:206    .text:0000000000000104 .L0 
     /tmp/ccIe1MKi.s:212    .text:0000000000000114 .L0 
     /tmp/ccIe1MKi.s:213    .text:0000000000000114 .L0 
     /tmp/ccIe1MKi.s:214    .text:0000000000000114 .L0 
  src/../h/riscv.hpp:191    .text:0000000000000114 .L0 
     /tmp/ccIe1MKi.s:222    .text:000000000000011c .L0 
     /tmp/ccIe1MKi.s:223    .text:000000000000011c .L0 
     /tmp/ccIe1MKi.s:227    .text:0000000000000120 .L0 
     /tmp/ccIe1MKi.s:232    .text:0000000000000130 .L0 
     /tmp/ccIe1MKi.s:233    .text:0000000000000130 .L0 
     /tmp/ccIe1MKi.s:238    .text:0000000000000140 .L0 
     /tmp/ccIe1MKi.s:239    .text:0000000000000140 .L0 
     /tmp/ccIe1MKi.s:247    .text:0000000000000144 .L0 
     /tmp/ccIe1MKi.s:248    .text:0000000000000144 .L0 
     /tmp/ccIe1MKi.s:250    .text:0000000000000148 .L0 
     /tmp/ccIe1MKi.s:258    .text:0000000000000150 .L0 
     /tmp/ccIe1MKi.s:259    .text:0000000000000150 .L0 
     /tmp/ccIe1MKi.s:261    .text:0000000000000154 .L0 
     /tmp/ccIe1MKi.s:271    .text:000000000000015c .L0 
     /tmp/ccIe1MKi.s:272    .text:000000000000015c .L0 
     /tmp/ccIe1MKi.s:274    .text:0000000000000160 .L0 
     /tmp/ccIe1MKi.s:286    .text:0000000000000168 .L0 
     /tmp/ccIe1MKi.s:287    .text:0000000000000168 .L0 
     /tmp/ccIe1MKi.s:289    .text:000000000000016c .L0 
     /tmp/ccIe1MKi.s:303    .text:0000000000000174 .L0 
     /tmp/ccIe1MKi.s:304    .text:0000000000000174 .L0 
     /tmp/ccIe1MKi.s:306    .text:0000000000000178 .L0 
     /tmp/ccIe1MKi.s:322    .text:0000000000000180 .L0 
     /tmp/ccIe1MKi.s:323    .text:0000000000000180 .L0 
     /tmp/ccIe1MKi.s:325    .text:0000000000000184 .L0 
     /tmp/ccIe1MKi.s:343    .text:000000000000018c .L0 
     /tmp/ccIe1MKi.s:344    .text:000000000000018c .L0 
     /tmp/ccIe1MKi.s:346    .text:0000000000000190 .L0 
     /tmp/ccIe1MKi.s:366    .text:0000000000000198 .L0 
     /tmp/ccIe1MKi.s:367    .text:0000000000000198 .L0 
     /tmp/ccIe1MKi.s:369    .text:000000000000019c .L0 
     /tmp/ccIe1MKi.s:391    .text:00000000000001a4 .L0 
     /tmp/ccIe1MKi.s:392    .text:00000000000001a4 .L0 
     /tmp/ccIe1MKi.s:394    .text:00000000000001a8 .L0 
     /tmp/ccIe1MKi.s:418    .text:00000000000001b0 .L0 
     /tmp/ccIe1MKi.s:419    .text:00000000000001b0 .L0 
     /tmp/ccIe1MKi.s:421    .text:00000000000001b4 .L0 
     /tmp/ccIe1MKi.s:447    .text:00000000000001bc .L0 
     /tmp/ccIe1MKi.s:448    .text:00000000000001bc .L0 
     /tmp/ccIe1MKi.s:450    .text:00000000000001c0 .L0 
     /tmp/ccIe1MKi.s:478    .text:00000000000001c8 .L0 
     /tmp/ccIe1MKi.s:479    .text:00000000000001c8 .L0 
     /tmp/ccIe1MKi.s:481    .text:00000000000001cc .L0 
GAS LISTING /tmp/ccIe1MKi.s 			page 55


     /tmp/ccIe1MKi.s:511    .text:00000000000001d4 .L0 
     /tmp/ccIe1MKi.s:512    .text:00000000000001d4 .L0 
     /tmp/ccIe1MKi.s:514    .text:00000000000001d8 .L0 
     /tmp/ccIe1MKi.s:546    .text:00000000000001e0 .L0 
     /tmp/ccIe1MKi.s:547    .text:00000000000001e0 .L0 
     /tmp/ccIe1MKi.s:549    .text:00000000000001e4 .L0 
     /tmp/ccIe1MKi.s:583    .text:00000000000001ec .L0 
     /tmp/ccIe1MKi.s:584    .text:00000000000001ec .L0 
     /tmp/ccIe1MKi.s:586    .text:00000000000001f0 .L0 
     /tmp/ccIe1MKi.s:622    .text:00000000000001f8 .L0 
     /tmp/ccIe1MKi.s:623    .text:00000000000001f8 .L0 
     /tmp/ccIe1MKi.s:625    .text:00000000000001fc .L0 
     /tmp/ccIe1MKi.s:663    .text:0000000000000204 .L0 
     /tmp/ccIe1MKi.s:664    .text:0000000000000204 .L0 
     /tmp/ccIe1MKi.s:666    .text:0000000000000208 .L0 
     /tmp/ccIe1MKi.s:672    .text:0000000000000210 .L0 
     /tmp/ccIe1MKi.s:673    .text:0000000000000210 .L0 
     /tmp/ccIe1MKi.s:674    .text:0000000000000210 .L0 
  src/../h/riscv.hpp:167    .text:0000000000000210 .L0 
     /tmp/ccIe1MKi.s:682    .text:0000000000000218 .L0 
     /tmp/ccIe1MKi.s:683    .text:0000000000000218 .L0 
     /tmp/ccIe1MKi.s:688    .text:000000000000021c .L0 
     /tmp/ccIe1MKi.s:691    .text:0000000000000220 .L0 
     /tmp/ccIe1MKi.s:692    .text:0000000000000220 .L0 
     /tmp/ccIe1MKi.s:697    .text:0000000000000228 .L0 
     /tmp/ccIe1MKi.s:698    .text:0000000000000228 .L0 
  src/../h/riscv.hpp:173    .text:0000000000000228 .L0 
     /tmp/ccIe1MKi.s:705    .text:000000000000022c .L0 
     /tmp/ccIe1MKi.s:731    .text:0000000000000230 .L0 
     /tmp/ccIe1MKi.s:732    .text:0000000000000230 .L0 
     /tmp/ccIe1MKi.s:733    .text:0000000000000230 .L0 
  src/../h/riscv.hpp:167    .text:0000000000000230 .L0 
     /tmp/ccIe1MKi.s:741    .text:0000000000000238 .L0 
     /tmp/ccIe1MKi.s:742    .text:0000000000000238 .L0 
     /tmp/ccIe1MKi.s:747    .text:000000000000023c .L0 
     /tmp/ccIe1MKi.s:752    .text:0000000000000240 .L0 
     /tmp/ccIe1MKi.s:753    .text:0000000000000240 .L0 
     /tmp/ccIe1MKi.s:754    .text:0000000000000240 .L0 
  src/../h/riscv.hpp:230    .text:0000000000000240 .L0 
     /tmp/ccIe1MKi.s:762    .text:0000000000000248 .L0 
     /tmp/ccIe1MKi.s:763    .text:0000000000000248 .L0 
     /tmp/ccIe1MKi.s:768    .text:000000000000024c .L0 
     /tmp/ccIe1MKi.s:769    .text:000000000000024c .L0 
     /tmp/ccIe1MKi.s:774    .text:0000000000000254 .L0 
     /tmp/ccIe1MKi.s:775    .text:0000000000000254 .L0 
  src/../h/riscv.hpp:173    .text:0000000000000254 .L0 
     /tmp/ccIe1MKi.s:787    .text:0000000000000258 .L0 
     /tmp/ccIe1MKi.s:788    .text:0000000000000258 .L0 
  src/../h/riscv.hpp:236    .text:0000000000000258 .L0 
     /tmp/ccIe1MKi.s:798    .text:000000000000025c .L0 
     /tmp/ccIe1MKi.s:807    .text:0000000000000260 .L0 
     /tmp/ccIe1MKi.s:808    .text:0000000000000260 .L0 
     /tmp/ccIe1MKi.s:809    .text:0000000000000260 .L0 
  src/../h/riscv.hpp:167    .text:0000000000000260 .L0 
     /tmp/ccIe1MKi.s:817    .text:0000000000000268 .L0 
     /tmp/ccIe1MKi.s:818    .text:0000000000000268 .L0 
     /tmp/ccIe1MKi.s:823    .text:000000000000026c .L0 
GAS LISTING /tmp/ccIe1MKi.s 			page 56


     /tmp/ccIe1MKi.s:826    .text:0000000000000270 .L0 
     /tmp/ccIe1MKi.s:827    .text:0000000000000270 .L0 
     /tmp/ccIe1MKi.s:830    .text:0000000000000274 .L0 
     /tmp/ccIe1MKi.s:831    .text:0000000000000274 .L0 
     /tmp/ccIe1MKi.s:834    .text:0000000000000278 .L0 
     /tmp/ccIe1MKi.s:835    .text:0000000000000278 .L0 
     /tmp/ccIe1MKi.s:840    .text:0000000000000284 .L0 
     /tmp/ccIe1MKi.s:845    .text:0000000000000288 .L0 
     /tmp/ccIe1MKi.s:846    .text:0000000000000288 .L0 
  src/../h/riscv.hpp:173    .text:0000000000000288 .L0 
     /tmp/ccIe1MKi.s:856    .text:000000000000028c .L0 
     /tmp/ccIe1MKi.s:857    .text:000000000000028c .L0 
     /tmp/ccIe1MKi.s:862    .text:0000000000000290 .L0 
  src/../h/riscv.hpp:135    .text:0000000000000290 .L0 
     /tmp/ccIe1MKi.s:869    .text:0000000000000294 .L0 
     /tmp/ccIe1MKi.s:880    .text:0000000000000298 .L0 
     /tmp/ccIe1MKi.s:881    .text:0000000000000298 .L0 
     /tmp/ccIe1MKi.s:882    .text:0000000000000298 .L0 
  src/../h/riscv.hpp:167    .text:0000000000000298 .L0 
     /tmp/ccIe1MKi.s:890    .text:00000000000002a0 .L0 
     /tmp/ccIe1MKi.s:891    .text:00000000000002a0 .L0 
     /tmp/ccIe1MKi.s:896    .text:00000000000002a4 .L0 
     /tmp/ccIe1MKi.s:899    .text:00000000000002a8 .L0 
     /tmp/ccIe1MKi.s:900    .text:00000000000002a8 .L0 
     /tmp/ccIe1MKi.s:904    .text:00000000000002b4 .L0 
     /tmp/ccIe1MKi.s:905    .text:00000000000002b4 .L0 
     /tmp/ccIe1MKi.s:910    .text:00000000000002b8 .L0 
     /tmp/ccIe1MKi.s:911    .text:00000000000002b8 .L0 
  src/../h/riscv.hpp:173    .text:00000000000002b8 .L0 
     /tmp/ccIe1MKi.s:921    .text:00000000000002bc .L0 
     /tmp/ccIe1MKi.s:922    .text:00000000000002bc .L0 
     /tmp/ccIe1MKi.s:927    .text:00000000000002c0 .L0 
  src/../h/riscv.hpp:135    .text:00000000000002c0 .L0 
     /tmp/ccIe1MKi.s:934    .text:00000000000002c4 .L0 
     /tmp/ccIe1MKi.s:945    .text:00000000000002c8 .L0 
     /tmp/ccIe1MKi.s:946    .text:00000000000002c8 .L0 
     /tmp/ccIe1MKi.s:947    .text:00000000000002c8 .L0 
  src/../h/riscv.hpp:167    .text:00000000000002c8 .L0 
     /tmp/ccIe1MKi.s:955    .text:00000000000002d0 .L0 
     /tmp/ccIe1MKi.s:956    .text:00000000000002d0 .L0 
     /tmp/ccIe1MKi.s:961    .text:00000000000002d4 .L0 
     /tmp/ccIe1MKi.s:964    .text:00000000000002d8 .L0 
     /tmp/ccIe1MKi.s:965    .text:00000000000002d8 .L0 
     /tmp/ccIe1MKi.s:971    .text:00000000000002e8 .L0 
     /tmp/ccIe1MKi.s:972    .text:00000000000002e8 .L0 
     /tmp/ccIe1MKi.s:979    .text:00000000000002fc .L0 
     /tmp/ccIe1MKi.s:980    .text:00000000000002fc .L0 
     /tmp/ccIe1MKi.s:985    .text:0000000000000300 .L0 
     /tmp/ccIe1MKi.s:986    .text:0000000000000300 .L0 
  src/../h/riscv.hpp:173    .text:0000000000000300 .L0 
     /tmp/ccIe1MKi.s:996    .text:0000000000000304 .L0 
     /tmp/ccIe1MKi.s:997    .text:0000000000000304 .L0 
     /tmp/ccIe1MKi.s:1002   .text:0000000000000308 .L0 
  src/../h/riscv.hpp:135    .text:0000000000000308 .L0 
     /tmp/ccIe1MKi.s:1009   .text:000000000000030c .L0 
     /tmp/ccIe1MKi.s:1020   .text:0000000000000310 .L0 
     /tmp/ccIe1MKi.s:1021   .text:0000000000000310 .L0 
GAS LISTING /tmp/ccIe1MKi.s 			page 57


     /tmp/ccIe1MKi.s:1022   .text:0000000000000310 .L0 
  src/../h/riscv.hpp:167    .text:0000000000000310 .L0 
     /tmp/ccIe1MKi.s:1030   .text:0000000000000318 .L0 
     /tmp/ccIe1MKi.s:1031   .text:0000000000000318 .L0 
     /tmp/ccIe1MKi.s:1036   .text:000000000000031c .L0 
     /tmp/ccIe1MKi.s:1041   .text:0000000000000320 .L0 
     /tmp/ccIe1MKi.s:1042   .text:0000000000000320 .L0 
     /tmp/ccIe1MKi.s:1043   .text:0000000000000320 .L0 
  src/../h/riscv.hpp:230    .text:0000000000000320 .L0 
     /tmp/ccIe1MKi.s:1051   .text:0000000000000328 .L0 
     /tmp/ccIe1MKi.s:1052   .text:0000000000000328 .L0 
     /tmp/ccIe1MKi.s:1057   .text:000000000000032c .L0 
     /tmp/ccIe1MKi.s:1058   .text:000000000000032c .L0 
     /tmp/ccIe1MKi.s:1063   .text:0000000000000334 .L0 
     /tmp/ccIe1MKi.s:1064   .text:0000000000000334 .L0 
  src/../h/riscv.hpp:173    .text:0000000000000334 .L0 
     /tmp/ccIe1MKi.s:1076   .text:0000000000000338 .L0 
     /tmp/ccIe1MKi.s:1077   .text:0000000000000338 .L0 
  src/../h/riscv.hpp:236    .text:0000000000000338 .L0 
     /tmp/ccIe1MKi.s:1089   .text:000000000000033c .L0 
     /tmp/ccIe1MKi.s:1090   .text:000000000000033c .L0 
     /tmp/ccIe1MKi.s:1091   .text:000000000000033c .L0 
     /tmp/ccIe1MKi.s:1098   .text:0000000000000344 .L0 
     /tmp/ccIe1MKi.s:1109   .text:0000000000000348 .L0 
     /tmp/ccIe1MKi.s:1110   .text:0000000000000348 .L0 
     /tmp/ccIe1MKi.s:1111   .text:0000000000000348 .L0 
  src/../h/riscv.hpp:167    .text:0000000000000348 .L0 
     /tmp/ccIe1MKi.s:1119   .text:0000000000000350 .L0 
     /tmp/ccIe1MKi.s:1120   .text:0000000000000350 .L0 
     /tmp/ccIe1MKi.s:1125   .text:0000000000000354 .L0 
     /tmp/ccIe1MKi.s:1128   .text:0000000000000358 .L0 
     /tmp/ccIe1MKi.s:1129   .text:0000000000000358 .L0 
     /tmp/ccIe1MKi.s:1133   .text:0000000000000364 .L0 
     /tmp/ccIe1MKi.s:1134   .text:0000000000000364 .L0 
     /tmp/ccIe1MKi.s:1141   .text:000000000000036c .L0 
     /tmp/ccIe1MKi.s:1142   .text:000000000000036c .L0 
     /tmp/ccIe1MKi.s:1143   .text:000000000000036c .L0 
     /tmp/ccIe1MKi.s:1149   .text:0000000000000374 .L0 
     /tmp/ccIe1MKi.s:1150   .text:0000000000000374 .L0 
     /tmp/ccIe1MKi.s:1153   .text:000000000000037c .L0 
     /tmp/ccIe1MKi.s:1154   .text:000000000000037c .L0 
     /tmp/ccIe1MKi.s:1159   .text:0000000000000384 .L0 
     /tmp/ccIe1MKi.s:1160   .text:0000000000000384 .L0 
  src/../h/riscv.hpp:173    .text:0000000000000384 .L0 
     /tmp/ccIe1MKi.s:1167   .text:0000000000000388 .L0 
     /tmp/ccIe1MKi.s:1178   .text:000000000000038c .L0 
     /tmp/ccIe1MKi.s:1179   .text:000000000000038c .L0 
     /tmp/ccIe1MKi.s:1180   .text:000000000000038c .L0 
  src/../h/riscv.hpp:167    .text:000000000000038c .L0 
     /tmp/ccIe1MKi.s:1188   .text:0000000000000394 .L0 
     /tmp/ccIe1MKi.s:1189   .text:0000000000000394 .L0 
     /tmp/ccIe1MKi.s:1194   .text:0000000000000398 .L0 
     /tmp/ccIe1MKi.s:1197   .text:000000000000039c .L0 
     /tmp/ccIe1MKi.s:1198   .text:000000000000039c .L0 
     /tmp/ccIe1MKi.s:1202   .text:00000000000003a8 .L0 
     /tmp/ccIe1MKi.s:1203   .text:00000000000003a8 .L0 
     /tmp/ccIe1MKi.s:1208   .text:00000000000003b0 .L0 
GAS LISTING /tmp/ccIe1MKi.s 			page 58


     /tmp/ccIe1MKi.s:1209   .text:00000000000003b0 .L0 
  src/../h/riscv.hpp:173    .text:00000000000003b0 .L0 
     /tmp/ccIe1MKi.s:1216   .text:00000000000003b4 .L0 
     /tmp/ccIe1MKi.s:1227   .text:00000000000003b8 .L0 
     /tmp/ccIe1MKi.s:1228   .text:00000000000003b8 .L0 
     /tmp/ccIe1MKi.s:1229   .text:00000000000003b8 .L0 
  src/../h/riscv.hpp:167    .text:00000000000003b8 .L0 
     /tmp/ccIe1MKi.s:1237   .text:00000000000003c0 .L0 
     /tmp/ccIe1MKi.s:1238   .text:00000000000003c0 .L0 
     /tmp/ccIe1MKi.s:1243   .text:00000000000003c4 .L0 
     /tmp/ccIe1MKi.s:1246   .text:00000000000003c8 .L0 
     /tmp/ccIe1MKi.s:1247   .text:00000000000003c8 .L0 
     /tmp/ccIe1MKi.s:1253   .text:00000000000003dc .L0 
     /tmp/ccIe1MKi.s:1254   .text:00000000000003dc .L0 
     /tmp/ccIe1MKi.s:1259   .text:00000000000003e0 .L0 
     /tmp/ccIe1MKi.s:1260   .text:00000000000003e0 .L0 
  src/../h/riscv.hpp:173    .text:00000000000003e0 .L0 
     /tmp/ccIe1MKi.s:1270   .text:00000000000003e4 .L0 
     /tmp/ccIe1MKi.s:1271   .text:00000000000003e4 .L0 
     /tmp/ccIe1MKi.s:1276   .text:00000000000003e8 .L0 
  src/../h/riscv.hpp:135    .text:00000000000003e8 .L0 
     /tmp/ccIe1MKi.s:1283   .text:00000000000003ec .L0 
     /tmp/ccIe1MKi.s:1294   .text:00000000000003f0 .L0 
     /tmp/ccIe1MKi.s:1295   .text:00000000000003f0 .L0 
     /tmp/ccIe1MKi.s:1296   .text:00000000000003f0 .L0 
  src/../h/riscv.hpp:167    .text:00000000000003f0 .L0 
     /tmp/ccIe1MKi.s:1304   .text:00000000000003f8 .L0 
     /tmp/ccIe1MKi.s:1305   .text:00000000000003f8 .L0 
     /tmp/ccIe1MKi.s:1310   .text:00000000000003fc .L0 
     /tmp/ccIe1MKi.s:1313   .text:0000000000000400 .L0 
     /tmp/ccIe1MKi.s:1314   .text:0000000000000400 .L0 
     /tmp/ccIe1MKi.s:1318   .text:000000000000040c .L0 
     /tmp/ccIe1MKi.s:1319   .text:000000000000040c .L0 
     /tmp/ccIe1MKi.s:1324   .text:0000000000000410 .L0 
     /tmp/ccIe1MKi.s:1325   .text:0000000000000410 .L0 
  src/../h/riscv.hpp:173    .text:0000000000000410 .L0 
     /tmp/ccIe1MKi.s:1335   .text:0000000000000414 .L0 
     /tmp/ccIe1MKi.s:1336   .text:0000000000000414 .L0 
     /tmp/ccIe1MKi.s:1341   .text:0000000000000418 .L0 
  src/../h/riscv.hpp:135    .text:0000000000000418 .L0 
     /tmp/ccIe1MKi.s:1348   .text:000000000000041c .L0 
     /tmp/ccIe1MKi.s:1359   .text:0000000000000420 .L0 
     /tmp/ccIe1MKi.s:1360   .text:0000000000000420 .L0 
     /tmp/ccIe1MKi.s:1361   .text:0000000000000420 .L0 
  src/../h/riscv.hpp:167    .text:0000000000000420 .L0 
     /tmp/ccIe1MKi.s:1369   .text:0000000000000428 .L0 
     /tmp/ccIe1MKi.s:1370   .text:0000000000000428 .L0 
     /tmp/ccIe1MKi.s:1375   .text:000000000000042c .L0 
     /tmp/ccIe1MKi.s:1378   .text:0000000000000430 .L0 
     /tmp/ccIe1MKi.s:1379   .text:0000000000000430 .L0 
     /tmp/ccIe1MKi.s:1383   .text:000000000000043c .L0 
     /tmp/ccIe1MKi.s:1384   .text:000000000000043c .L0 
     /tmp/ccIe1MKi.s:1389   .text:0000000000000440 .L0 
     /tmp/ccIe1MKi.s:1390   .text:0000000000000440 .L0 
  src/../h/riscv.hpp:173    .text:0000000000000440 .L0 
     /tmp/ccIe1MKi.s:1400   .text:0000000000000444 .L0 
     /tmp/ccIe1MKi.s:1401   .text:0000000000000444 .L0 
GAS LISTING /tmp/ccIe1MKi.s 			page 59


     /tmp/ccIe1MKi.s:1406   .text:0000000000000448 .L0 
  src/../h/riscv.hpp:135    .text:0000000000000448 .L0 
     /tmp/ccIe1MKi.s:1413   .text:000000000000044c .L0 
     /tmp/ccIe1MKi.s:1424   .text:0000000000000450 .L0 
     /tmp/ccIe1MKi.s:1425   .text:0000000000000450 .L0 
     /tmp/ccIe1MKi.s:1426   .text:0000000000000450 .L0 
  src/../h/riscv.hpp:167    .text:0000000000000450 .L0 
     /tmp/ccIe1MKi.s:1434   .text:0000000000000458 .L0 
     /tmp/ccIe1MKi.s:1435   .text:0000000000000458 .L0 
     /tmp/ccIe1MKi.s:1440   .text:000000000000045c .L0 
     /tmp/ccIe1MKi.s:1443   .text:0000000000000460 .L0 
     /tmp/ccIe1MKi.s:1444   .text:0000000000000460 .L0 
     /tmp/ccIe1MKi.s:1448   .text:000000000000046c .L0 
     /tmp/ccIe1MKi.s:1449   .text:000000000000046c .L0 
     /tmp/ccIe1MKi.s:1454   .text:0000000000000470 .L0 
     /tmp/ccIe1MKi.s:1455   .text:0000000000000470 .L0 
  src/../h/riscv.hpp:173    .text:0000000000000470 .L0 
     /tmp/ccIe1MKi.s:1465   .text:0000000000000474 .L0 
     /tmp/ccIe1MKi.s:1466   .text:0000000000000474 .L0 
     /tmp/ccIe1MKi.s:1471   .text:0000000000000478 .L0 
  src/../h/riscv.hpp:135    .text:0000000000000478 .L0 
     /tmp/ccIe1MKi.s:1478   .text:000000000000047c .L0 
     /tmp/ccIe1MKi.s:1489   .text:0000000000000480 .L0 
     /tmp/ccIe1MKi.s:1490   .text:0000000000000480 .L0 
     /tmp/ccIe1MKi.s:1491   .text:0000000000000480 .L0 
  src/../h/riscv.hpp:167    .text:0000000000000480 .L0 
     /tmp/ccIe1MKi.s:1499   .text:0000000000000488 .L0 
     /tmp/ccIe1MKi.s:1500   .text:0000000000000488 .L0 
     /tmp/ccIe1MKi.s:1505   .text:000000000000048c .L0 
     /tmp/ccIe1MKi.s:1508   .text:0000000000000490 .L0 
     /tmp/ccIe1MKi.s:1509   .text:0000000000000490 .L0 
     /tmp/ccIe1MKi.s:1515   .text:00000000000004a4 .L0 
     /tmp/ccIe1MKi.s:1516   .text:00000000000004a4 .L0 
     /tmp/ccIe1MKi.s:1521   .text:00000000000004a8 .L0 
     /tmp/ccIe1MKi.s:1522   .text:00000000000004a8 .L0 
  src/../h/riscv.hpp:173    .text:00000000000004a8 .L0 
     /tmp/ccIe1MKi.s:1532   .text:00000000000004ac .L0 
     /tmp/ccIe1MKi.s:1533   .text:00000000000004ac .L0 
     /tmp/ccIe1MKi.s:1538   .text:00000000000004b0 .L0 
  src/../h/riscv.hpp:135    .text:00000000000004b0 .L0 
     /tmp/ccIe1MKi.s:1545   .text:00000000000004b4 .L0 
     /tmp/ccIe1MKi.s:1556   .text:00000000000004b8 .L0 
     /tmp/ccIe1MKi.s:1557   .text:00000000000004b8 .L0 
     /tmp/ccIe1MKi.s:1558   .text:00000000000004b8 .L0 
  src/../h/riscv.hpp:167    .text:00000000000004b8 .L0 
     /tmp/ccIe1MKi.s:1566   .text:00000000000004c0 .L0 
     /tmp/ccIe1MKi.s:1567   .text:00000000000004c0 .L0 
     /tmp/ccIe1MKi.s:1572   .text:00000000000004c4 .L0 
     /tmp/ccIe1MKi.s:1575   .text:00000000000004c8 .L0 
     /tmp/ccIe1MKi.s:1576   .text:00000000000004c8 .L0 
     /tmp/ccIe1MKi.s:1582   .text:00000000000004dc .L0 
     /tmp/ccIe1MKi.s:1583   .text:00000000000004dc .L0 
     /tmp/ccIe1MKi.s:1588   .text:00000000000004e0 .L0 
     /tmp/ccIe1MKi.s:1589   .text:00000000000004e0 .L0 
  src/../h/riscv.hpp:173    .text:00000000000004e0 .L0 
     /tmp/ccIe1MKi.s:1599   .text:00000000000004e4 .L0 
     /tmp/ccIe1MKi.s:1600   .text:00000000000004e4 .L0 
GAS LISTING /tmp/ccIe1MKi.s 			page 60


     /tmp/ccIe1MKi.s:1605   .text:00000000000004e8 .L0 
  src/../h/riscv.hpp:135    .text:00000000000004e8 .L0 
     /tmp/ccIe1MKi.s:1612   .text:00000000000004ec .L0 
     /tmp/ccIe1MKi.s:1623   .text:00000000000004f0 .L0 
     /tmp/ccIe1MKi.s:1624   .text:00000000000004f0 .L0 
     /tmp/ccIe1MKi.s:1625   .text:00000000000004f0 .L0 
  src/../h/riscv.hpp:167    .text:00000000000004f0 .L0 
     /tmp/ccIe1MKi.s:1633   .text:00000000000004f8 .L0 
     /tmp/ccIe1MKi.s:1634   .text:00000000000004f8 .L0 
     /tmp/ccIe1MKi.s:1639   .text:00000000000004fc .L0 
     /tmp/ccIe1MKi.s:1642   .text:0000000000000500 .L0 
     /tmp/ccIe1MKi.s:1643   .text:0000000000000500 .L0 
     /tmp/ccIe1MKi.s:1646   .text:0000000000000508 .L0 
     /tmp/ccIe1MKi.s:1647   .text:0000000000000508 .L0 
     /tmp/ccIe1MKi.s:1652   .text:000000000000050c .L0 
     /tmp/ccIe1MKi.s:1653   .text:000000000000050c .L0 
  src/../h/riscv.hpp:173    .text:000000000000050c .L0 
     /tmp/ccIe1MKi.s:1663   .text:0000000000000510 .L0 
     /tmp/ccIe1MKi.s:1664   .text:0000000000000510 .L0 
     /tmp/ccIe1MKi.s:1669   .text:0000000000000514 .L0 
  src/../h/riscv.hpp:135    .text:0000000000000514 .L0 
     /tmp/ccIe1MKi.s:1676   .text:0000000000000518 .L0 
     /tmp/ccIe1MKi.s:1687   .text:000000000000051c .L0 
     /tmp/ccIe1MKi.s:1688   .text:000000000000051c .L0 
     /tmp/ccIe1MKi.s:1689   .text:000000000000051c .L0 
  src/../h/riscv.hpp:167    .text:000000000000051c .L0 
     /tmp/ccIe1MKi.s:1697   .text:0000000000000524 .L0 
     /tmp/ccIe1MKi.s:1698   .text:0000000000000524 .L0 
     /tmp/ccIe1MKi.s:1703   .text:0000000000000528 .L0 
     /tmp/ccIe1MKi.s:1706   .text:000000000000052c .L0 
     /tmp/ccIe1MKi.s:1707   .text:000000000000052c .L0 
     /tmp/ccIe1MKi.s:1714   .text:000000000000053c .L0 
     /tmp/ccIe1MKi.s:1715   .text:000000000000053c .L0 
  src/../h/riscv.hpp:173    .text:000000000000053c .L0 
     /tmp/ccIe1MKi.s:1725   .text:0000000000000540 .L0 
     /tmp/ccIe1MKi.s:1726   .text:0000000000000540 .L0 
     /tmp/ccIe1MKi.s:1731   .text:0000000000000544 .L0 
  src/../h/riscv.hpp:135    .text:0000000000000544 .L0 
     /tmp/ccIe1MKi.s:1738   .text:0000000000000548 .L0 
     /tmp/ccIe1MKi.s:1749   .text:000000000000054c .L0 
     /tmp/ccIe1MKi.s:1750   .text:000000000000054c .L0 
     /tmp/ccIe1MKi.s:1751   .text:000000000000054c .L0 
  src/../h/riscv.hpp:167    .text:000000000000054c .L0 
     /tmp/ccIe1MKi.s:1759   .text:0000000000000554 .L0 
     /tmp/ccIe1MKi.s:1760   .text:0000000000000554 .L0 
     /tmp/ccIe1MKi.s:1765   .text:0000000000000558 .L0 
     /tmp/ccIe1MKi.s:1768   .text:000000000000055c .L0 
     /tmp/ccIe1MKi.s:1769   .text:000000000000055c .L0 
     /tmp/ccIe1MKi.s:1776   .text:000000000000056c .L0 
     /tmp/ccIe1MKi.s:1777   .text:000000000000056c .L0 
  src/../h/riscv.hpp:173    .text:000000000000056c .L0 
     /tmp/ccIe1MKi.s:1784   .text:0000000000000570 .L0 
     /tmp/ccIe1MKi.s:1809   .text:0000000000000574 .L0 
     /tmp/ccIe1MKi.s:1810   .text:0000000000000574 .L0 
     /tmp/ccIe1MKi.s:1813   .text:000000000000057c .L0 
     /tmp/ccIe1MKi.s:1814   .text:000000000000057c .L0 
     /tmp/ccIe1MKi.s:1820   .text:0000000000000590 .L0 
GAS LISTING /tmp/ccIe1MKi.s 			page 61


     /tmp/ccIe1MKi.s:1821   .text:0000000000000590 .L0 
     /tmp/ccIe1MKi.s:1827   .text:000000000000059c .L0 
     /tmp/ccIe1MKi.s:1828   .text:000000000000059c .L0 
     /tmp/ccIe1MKi.s:1833   .text:00000000000005a0 .L0 
     /tmp/ccIe1MKi.s:1840   .text:00000000000005a4 .L0 
     /tmp/ccIe1MKi.s:1841   .text:00000000000005a4 .L0 
     /tmp/ccIe1MKi.s:1842   .text:00000000000005a4 .L0 
     /tmp/ccIe1MKi.s:1849   .text:00000000000005ac .L0 
     /tmp/ccIe1MKi.s:1859   .text:00000000000005b0 .L0 
     /tmp/ccIe1MKi.s:1860   .text:00000000000005b0 .L0 
     /tmp/ccIe1MKi.s:1861   .text:00000000000005b0 .L0 
  src/../h/riscv.hpp:167    .text:00000000000005b0 .L0 
     /tmp/ccIe1MKi.s:1869   .text:00000000000005b8 .L0 
     /tmp/ccIe1MKi.s:1870   .text:00000000000005b8 .L0 
     /tmp/ccIe1MKi.s:1877   .text:00000000000005bc .L0 
     /tmp/ccIe1MKi.s:1878   .text:00000000000005bc .L0 
     /tmp/ccIe1MKi.s:1879   .text:00000000000005bc .L0 
  src/../h/riscv.hpp:230    .text:00000000000005bc .L0 
     /tmp/ccIe1MKi.s:1887   .text:00000000000005c4 .L0 
     /tmp/ccIe1MKi.s:1888   .text:00000000000005c4 .L0 
     /tmp/ccIe1MKi.s:1893   .text:00000000000005c8 .L0 
     /tmp/ccIe1MKi.s:1894   .text:00000000000005c8 .L0 
     /tmp/ccIe1MKi.s:1897   .text:00000000000005d4 .L0 
     /tmp/ccIe1MKi.s:1898   .text:00000000000005d4 .L0 
     /tmp/ccIe1MKi.s:1903   .text:00000000000005dc .L0 
     /tmp/ccIe1MKi.s:1904   .text:00000000000005dc .L0 
  src/../h/riscv.hpp:236    .text:00000000000005dc .L0 
     /tmp/ccIe1MKi.s:1916   .text:00000000000005e0 .L0 
     /tmp/ccIe1MKi.s:1917   .text:00000000000005e0 .L0 
  src/../h/riscv.hpp:173    .text:00000000000005e0 .L0 
     /tmp/ccIe1MKi.s:1924   .text:00000000000005e4 .L0 
     /tmp/ccIe1MKi.s:1935   .text:00000000000005e8 .L0 
     /tmp/ccIe1MKi.s:1936   .text:00000000000005e8 .L0 
     /tmp/ccIe1MKi.s:1941   .text:00000000000005f4 .L0 
     /tmp/ccIe1MKi.s:1946   .text:00000000000005fc .L0 
     /tmp/ccIe1MKi.s:1947   .text:00000000000005fc .L0 
     /tmp/ccIe1MKi.s:1956   .text:0000000000000608 .L0 
     /tmp/ccIe1MKi.s:1957   .text:000000000000060c .L0 
     /tmp/ccIe1MKi.s:1958   .text:000000000000060c .L0 
     /tmp/ccIe1MKi.s:1960   .text:0000000000000610 .L0 
     /tmp/ccIe1MKi.s:1961   .text:0000000000000610 .L0 
     /tmp/ccIe1MKi.s:1963   .text:0000000000000614 .L0 
     /tmp/ccIe1MKi.s:1965   .text:0000000000000618 .L0 
     /tmp/ccIe1MKi.s:1967   .text:000000000000061c .L0 
     /tmp/ccIe1MKi.s:1971   .text:0000000000000620 .L0 
     /tmp/ccIe1MKi.s:1977   .text:0000000000000620 .L0 
     /tmp/ccIe1MKi.s:1978   .text:0000000000000620 .L0 
     /tmp/ccIe1MKi.s:1985   .text:000000000000062c .L0 
     /tmp/ccIe1MKi.s:1998   .text:000000000000062c .L0 
     /tmp/ccIe1MKi.s:44     .rodata.str1.8:0000000000000000 .LC0
     /tmp/ccIe1MKi.s:157    .text:0000000000000094 .L0 
     /tmp/ccIe1MKi.s:47     .rodata.str1.8:0000000000000018 .LC1
     /tmp/ccIe1MKi.s:169    .text:00000000000000b8 .L0 
     /tmp/ccIe1MKi.s:50     .rodata.str1.8:0000000000000020 .LC2
     /tmp/ccIe1MKi.s:174    .text:00000000000000c8 .L0 
     /tmp/ccIe1MKi.s:201    .text:00000000000000f4 .L0 
     /tmp/ccIe1MKi.s:53     .rodata.str1.8:0000000000000028 .LC3
GAS LISTING /tmp/ccIe1MKi.s 			page 62


     /tmp/ccIe1MKi.s:206    .text:0000000000000104 .L0 
     /tmp/ccIe1MKi.s:233    .text:0000000000000130 .L0 
     /tmp/ccIe1MKi.s:1129   .text:0000000000000358 .L0 
     /tmp/ccIe1MKi.s:1814   .text:000000000000057c .L0 
     /tmp/ccIe1MKi.s:1821   .text:0000000000000590 .L0 
     /tmp/ccIe1MKi.s:1894   .text:00000000000005c8 .L0 
     /tmp/ccIe1MKi.s:240    .text:0000000000000144 .L28
     /tmp/ccIe1MKi.s:1786   .text:0000000000000574 .L29
     /tmp/ccIe1MKi.s:1926   .text:00000000000005e8 .L30
     /tmp/ccIe1MKi.s:236    .text:0000000000000140 .L26
     /tmp/ccIe1MKi.s:707    .text:0000000000000230 .L31
     /tmp/ccIe1MKi.s:800    .text:0000000000000260 .L32
     /tmp/ccIe1MKi.s:871    .text:0000000000000298 .L33
     /tmp/ccIe1MKi.s:936    .text:00000000000002c8 .L34
     /tmp/ccIe1MKi.s:1011   .text:0000000000000310 .L35
     /tmp/ccIe1MKi.s:1100   .text:0000000000000348 .L36
     /tmp/ccIe1MKi.s:1169   .text:000000000000038c .L37
     /tmp/ccIe1MKi.s:1218   .text:00000000000003b8 .L38
     /tmp/ccIe1MKi.s:1285   .text:00000000000003f0 .L39
     /tmp/ccIe1MKi.s:1350   .text:0000000000000420 .L40
     /tmp/ccIe1MKi.s:1415   .text:0000000000000450 .L41
     /tmp/ccIe1MKi.s:1480   .text:0000000000000480 .L42
     /tmp/ccIe1MKi.s:1547   .text:00000000000004b8 .L43
     /tmp/ccIe1MKi.s:1614   .text:00000000000004f0 .L44
     /tmp/ccIe1MKi.s:1678   .text:000000000000051c .L45
     /tmp/ccIe1MKi.s:1740   .text:000000000000054c .L46
     /tmp/ccIe1MKi.s:1950   .text:0000000000000608 .L3
     /tmp/ccIe1MKi.s:1851   .text:00000000000005b0 .L47
     /tmp/ccIe1MKi.s:1835   .text:00000000000005a4 .L23
     /tmp/ccIe1MKi.s:1970   .text:0000000000000620 .L48
     /tmp/ccIe1MKi.s:1944   .text:00000000000005fc .L25
     /tmp/ccIe1MKi.s:5074   .debug_abbrev:0000000000000000 .Ldebug_abbrev0
     /tmp/ccIe1MKi.s:7286   .debug_str:0000000000000c88 .LASF260
     /tmp/ccIe1MKi.s:7366   .debug_str:0000000000000f4d .LASF261
     /tmp/ccIe1MKi.s:7000   .debug_str:0000000000000451 .LASF262
     /tmp/ccIe1MKi.s:5      .text:0000000000000000 .Ltext0
     /tmp/ccIe1MKi.s:1988   .text:000000000000062c .Letext0
     /tmp/ccIe1MKi.s:6860   .debug_line:0000000000000000 .Ldebug_line0
     /tmp/ccIe1MKi.s:7036   .debug_str:0000000000000586 .LASF0
     /tmp/ccIe1MKi.s:7076   .debug_str:00000000000006c2 .LASF1
     /tmp/ccIe1MKi.s:7204   .debug_str:0000000000000a3a .LASF2
     /tmp/ccIe1MKi.s:7212   .debug_str:0000000000000a7a .LASF4
     /tmp/ccIe1MKi.s:7048   .debug_str:00000000000005e7 .LASF3
     /tmp/ccIe1MKi.s:6876   .debug_str:0000000000000078 .LASF5
     /tmp/ccIe1MKi.s:7174   .debug_str:000000000000097a .LASF6
     /tmp/ccIe1MKi.s:7160   .debug_str:0000000000000919 .LASF7
     /tmp/ccIe1MKi.s:7066   .debug_str:0000000000000683 .LASF8
     /tmp/ccIe1MKi.s:7004   .debug_str:0000000000000469 .LASF9
     /tmp/ccIe1MKi.s:7014   .debug_str:00000000000004bf .LASF10
     /tmp/ccIe1MKi.s:6930   .debug_str:000000000000022f .LASF11
     /tmp/ccIe1MKi.s:6988   .debug_str:00000000000003f8 .LASF12
     /tmp/ccIe1MKi.s:6950   .debug_str:00000000000002ce .LASF13
     /tmp/ccIe1MKi.s:6928   .debug_str:000000000000021f .LASF14
     /tmp/ccIe1MKi.s:7254   .debug_str:0000000000000bb5 .LASF15
     /tmp/ccIe1MKi.s:6974   .debug_str:0000000000000373 .LASF16
     /tmp/ccIe1MKi.s:7238   .debug_str:0000000000000b2d .LASF17
     /tmp/ccIe1MKi.s:7002   .debug_str:000000000000045f .LASF21
GAS LISTING /tmp/ccIe1MKi.s 			page 63


     /tmp/ccIe1MKi.s:7264   .debug_str:0000000000000be0 .LASF18
     /tmp/ccIe1MKi.s:7292   .debug_str:0000000000000d61 .LASF19
     /tmp/ccIe1MKi.s:7380   .debug_str:0000000000000f9f .LASF263
     /tmp/ccIe1MKi.s:7026   .debug_str:0000000000000528 .LASF264
     /tmp/ccIe1MKi.s:7020   .debug_str:00000000000004f5 .LASF20
     /tmp/ccIe1MKi.s:7010   .debug_str:000000000000048a .LASF159
     /tmp/ccIe1MKi.s:7090   .debug_str:000000000000074f .LASF100
     /tmp/ccIe1MKi.s:7384   .debug_str:0000000000000fbb .LASF102
     /tmp/ccIe1MKi.s:7342   .debug_str:0000000000000ed8 .LASF22
     /tmp/ccIe1MKi.s:7324   .debug_str:0000000000000e47 .LASF265
     /tmp/ccIe1MKi.s:7246   .debug_str:0000000000000b8a .LASF23
     /tmp/ccIe1MKi.s:7128   .debug_str:0000000000000876 .LASF24
     /tmp/ccIe1MKi.s:7122   .debug_str:0000000000000852 .LASF25
     /tmp/ccIe1MKi.s:7240   .debug_str:0000000000000b43 .LASF30
     /tmp/ccIe1MKi.s:6986   .debug_str:00000000000003e1 .LASF27
     /tmp/ccIe1MKi.s:7206   .debug_str:0000000000000a48 .LASF266
     /tmp/ccIe1MKi.s:7194   .debug_str:00000000000009fa .LASF267
     /tmp/ccIe1MKi.s:6970   .debug_str:0000000000000352 .LASF26
     /tmp/ccIe1MKi.s:6972   .debug_str:000000000000035a .LASF28
     /tmp/ccIe1MKi.s:7072   .debug_str:00000000000006b4 .LASF29
     /tmp/ccIe1MKi.s:6916   .debug_str:00000000000001b5 .LASF31
     /tmp/ccIe1MKi.s:7092   .debug_str:0000000000000754 .LASF32
     /tmp/ccIe1MKi.s:6976   .debug_str:0000000000000389 .LASF33
     /tmp/ccIe1MKi.s:7154   .debug_str:00000000000008ff .LASF34
     /tmp/ccIe1MKi.s:7344   .debug_str:0000000000000ee2 .LASF35
     /tmp/ccIe1MKi.s:7404   .debug_str:0000000000001075 .LASF36
     /tmp/ccIe1MKi.s:7386   .debug_str:0000000000000fd4 .LASF37
     /tmp/ccIe1MKi.s:7228   .debug_str:0000000000000afd .LASF38
     /tmp/ccIe1MKi.s:7064   .debug_str:0000000000000666 .LASF39
     /tmp/ccIe1MKi.s:7188   .debug_str:00000000000009d6 .LASF40
     /tmp/ccIe1MKi.s:6868   .debug_str:000000000000001d .LASF41
     /tmp/ccIe1MKi.s:6866   .debug_str:0000000000000017 .LASF42
     /tmp/ccIe1MKi.s:7406   .debug_str:000000000000107f .LASF43
     /tmp/ccIe1MKi.s:7100   .debug_str:0000000000000798 .LASF44
     /tmp/ccIe1MKi.s:7080   .debug_str:00000000000006eb .LASF45
     /tmp/ccIe1MKi.s:7260   .debug_str:0000000000000bcd .LASF131
     /tmp/ccIe1MKi.s:7262   .debug_str:0000000000000bd5 .LASF46
     /tmp/ccIe1MKi.s:7124   .debug_str:0000000000000857 .LASF47
     /tmp/ccIe1MKi.s:6908   .debug_str:0000000000000178 .LASF48
     /tmp/ccIe1MKi.s:7310   .debug_str:0000000000000dea .LASF49
     /tmp/ccIe1MKi.s:7266   .debug_str:0000000000000bf4 .LASF50
     /tmp/ccIe1MKi.s:6942   .debug_str:0000000000000284 .LASF51
     /tmp/ccIe1MKi.s:7362   .debug_str:0000000000000f3b .LASF52
     /tmp/ccIe1MKi.s:6920   .debug_str:00000000000001d8 .LASF53
     /tmp/ccIe1MKi.s:7320   .debug_str:0000000000000e30 .LASF54
     /tmp/ccIe1MKi.s:6900   .debug_str:0000000000000146 .LASF55
     /tmp/ccIe1MKi.s:7180   .debug_str:000000000000099d .LASF56
     /tmp/ccIe1MKi.s:7280   .debug_str:0000000000000c53 .LASF57
     /tmp/ccIe1MKi.s:7216   .debug_str:0000000000000a86 .LASF58
     /tmp/ccIe1MKi.s:6926   .debug_str:0000000000000205 .LASF59
     /tmp/ccIe1MKi.s:7302   .debug_str:0000000000000db7 .LASF60
     /tmp/ccIe1MKi.s:7396   .debug_str:0000000000001042 .LASF61
     /tmp/ccIe1MKi.s:7084   .debug_str:0000000000000721 .LASF62
     /tmp/ccIe1MKi.s:7328   .debug_str:0000000000000e5f .LASF63
     /tmp/ccIe1MKi.s:6912   .debug_str:0000000000000195 .LASF64
     /tmp/ccIe1MKi.s:7208   .debug_str:0000000000000a52 .LASF65
     /tmp/ccIe1MKi.s:7158   .debug_str:0000000000000911 .LASF66
GAS LISTING /tmp/ccIe1MKi.s 			page 64


     /tmp/ccIe1MKi.s:7378   .debug_str:0000000000000f8d .LASF67
     /tmp/ccIe1MKi.s:7278   .debug_str:0000000000000c48 .LASF68
     /tmp/ccIe1MKi.s:7078   .debug_str:00000000000006d5 .LASF69
     /tmp/ccIe1MKi.s:7140   .debug_str:00000000000008ac .LASF70
     /tmp/ccIe1MKi.s:7242   .debug_str:0000000000000b56 .LASF71
     /tmp/ccIe1MKi.s:6918   .debug_str:00000000000001d2 .LASF78
     /tmp/ccIe1MKi.s:7290   .debug_str:0000000000000d51 .LASF80
     /tmp/ccIe1MKi.s:7252   .debug_str:0000000000000ba8 .LASF72
     /tmp/ccIe1MKi.s:7330   .debug_str:0000000000000e78 .LASF73
     /tmp/ccIe1MKi.s:7142   .debug_str:00000000000008b3 .LASF268
     /tmp/ccIe1MKi.s:7284   .debug_str:0000000000000c80 .LASF74
     /tmp/ccIe1MKi.s:7214   .debug_str:0000000000000a81 .LASF75
     /tmp/ccIe1MKi.s:6872   .debug_str:000000000000005f .LASF76
     /tmp/ccIe1MKi.s:7224   .debug_str:0000000000000ac0 .LASF77
     /tmp/ccIe1MKi.s:6964   .debug_str:0000000000000333 .LASF79
     /tmp/ccIe1MKi.s:6936   .debug_str:0000000000000256 .LASF81
     /tmp/ccIe1MKi.s:7196   .debug_str:0000000000000a11 .LASF82
     /tmp/ccIe1MKi.s:6938   .debug_str:0000000000000269 .LASF86
     /tmp/ccIe1MKi.s:7104   .debug_str:00000000000007ae .LASF83
     /tmp/ccIe1MKi.s:7024   .debug_str:0000000000000505 .LASF84
     /tmp/ccIe1MKi.s:7134   .debug_str:000000000000088f .LASF85
     /tmp/ccIe1MKi.s:7390   .debug_str:0000000000001007 .LASF87
     /tmp/ccIe1MKi.s:6864   .debug_str:0000000000000012 .LASF88
     /tmp/ccIe1MKi.s:7230   .debug_str:0000000000000b08 .LASF89
     /tmp/ccIe1MKi.s:7306   .debug_str:0000000000000ddd .LASF90
     /tmp/ccIe1MKi.s:7294   .debug_str:0000000000000d71 .LASF91
     /tmp/ccIe1MKi.s:7296   .debug_str:0000000000000d7b .LASF92
     /tmp/ccIe1MKi.s:7236   .debug_str:0000000000000b24 .LASF93
     /tmp/ccIe1MKi.s:7136   .debug_str:000000000000089a .LASF94
     /tmp/ccIe1MKi.s:7232   .debug_str:0000000000000b0e .LASF95
     /tmp/ccIe1MKi.s:6980   .debug_str:00000000000003c0 .LASF96
     /tmp/ccIe1MKi.s:6946   .debug_str:00000000000002ae .LASF97
     /tmp/ccIe1MKi.s:7258   .debug_str:0000000000000bc8 .LASF98
     /tmp/ccIe1MKi.s:7394   .debug_str:000000000000103a .LASF99
     /tmp/ccIe1MKi.s:6914   .debug_str:00000000000001a7 .LASF269
     /tmp/ccIe1MKi.s:7086   .debug_str:000000000000072e .LASF270
     /tmp/ccIe1MKi.s:6956   .debug_str:00000000000002fc .LASF101
     /tmp/ccIe1MKi.s:6870   .debug_str:0000000000000037 .LASF103
     /tmp/ccIe1MKi.s:7210   .debug_str:0000000000000a6f .LASF104
     /tmp/ccIe1MKi.s:7370   .debug_str:0000000000000f67 .LASF105
     /tmp/ccIe1MKi.s:7176   .debug_str:0000000000000981 .LASF271
     /tmp/ccIe1MKi.s:7340   .debug_str:0000000000000ecf .LASF106
     /tmp/ccIe1MKi.s:6898   .debug_str:000000000000013e .LASF108
     /tmp/ccIe1MKi.s:7372   .debug_str:0000000000000f72 .LASF107
     /tmp/ccIe1MKi.s:7248   .debug_str:0000000000000b8f .LASF109
     /tmp/ccIe1MKi.s:7102   .debug_str:00000000000007a9 .LASF110
     /tmp/ccIe1MKi.s:7138   .debug_str:00000000000008a2 .LASF111
     /tmp/ccIe1MKi.s:6862   .debug_str:0000000000000000 .LASF112
     /tmp/ccIe1MKi.s:7008   .debug_str:000000000000047f .LASF113
     /tmp/ccIe1MKi.s:6962   .debug_str:0000000000000321 .LASF114
     /tmp/ccIe1MKi.s:6966   .debug_str:000000000000033c .LASF115
     /tmp/ccIe1MKi.s:7282   .debug_str:0000000000000c6b .LASF116
     /tmp/ccIe1MKi.s:7256   .debug_str:0000000000000bc1 .LASF117
     /tmp/ccIe1MKi.s:7222   .debug_str:0000000000000aa9 .LASF118
     /tmp/ccIe1MKi.s:7164   .debug_str:0000000000000935 .LASF119
     /tmp/ccIe1MKi.s:7044   .debug_str:00000000000005ba .LASF120
     /tmp/ccIe1MKi.s:6998   .debug_str:0000000000000448 .LASF121
GAS LISTING /tmp/ccIe1MKi.s 			page 65


     /tmp/ccIe1MKi.s:7304   .debug_str:0000000000000dc4 .LASF122
     /tmp/ccIe1MKi.s:7034   .debug_str:0000000000000580 .LASF123
     /tmp/ccIe1MKi.s:7030   .debug_str:0000000000000552 .LASF124
     /tmp/ccIe1MKi.s:7382   .debug_str:0000000000000fb3 .LASF125
     /tmp/ccIe1MKi.s:6890   .debug_str:00000000000000e6 .LASF126
     /tmp/ccIe1MKi.s:6884   .debug_str:00000000000000ad .LASF127
     /tmp/ccIe1MKi.s:7392   .debug_str:0000000000001022 .LASF128
     /tmp/ccIe1MKi.s:7368   .debug_str:0000000000000f5b .LASF129
     /tmp/ccIe1MKi.s:7152   .debug_str:00000000000008ef .LASF130
     /tmp/ccIe1MKi.s:7198   .debug_str:0000000000000a1c .LASF132
     /tmp/ccIe1MKi.s:7074   .debug_str:00000000000006bd .LASF133
     /tmp/ccIe1MKi.s:6932   .debug_str:000000000000023e .LASF134
     /tmp/ccIe1MKi.s:7402   .debug_str:000000000000106c .LASF135
     /tmp/ccIe1MKi.s:7012   .debug_str:000000000000049f .LASF136
     /tmp/ccIe1MKi.s:7308   .debug_str:0000000000000de5 .LASF137
     /tmp/ccIe1MKi.s:7052   .debug_str:000000000000060a .LASF138
     /tmp/ccIe1MKi.s:7234   .debug_str:0000000000000b19 .LASF139
     /tmp/ccIe1MKi.s:7244   .debug_str:0000000000000b67 .LASF140
     /tmp/ccIe1MKi.s:6894   .debug_str:000000000000010c .LASF141
     /tmp/ccIe1MKi.s:7146   .debug_str:00000000000008c9 .LASF142
     /tmp/ccIe1MKi.s:7270   .debug_str:0000000000000c0c .LASF143
     /tmp/ccIe1MKi.s:7346   .debug_str:0000000000000f00 .LASF144
     /tmp/ccIe1MKi.s:7070   .debug_str:00000000000006a9 .LASF272
     /tmp/ccIe1MKi.s:7058   .debug_str:0000000000000631 .LASF145
     /tmp/ccIe1MKi.s:6882   .debug_str:00000000000000a4 .LASF146
     /tmp/ccIe1MKi.s:7374   .debug_str:0000000000000f78 .LASF147
     /tmp/ccIe1MKi.s:7022   .debug_str:00000000000004fa .LASF148
     /tmp/ccIe1MKi.s:7032   .debug_str:0000000000000568 .LASF149
     /tmp/ccIe1MKi.s:7168   .debug_str:000000000000094f .LASF150
     /tmp/ccIe1MKi.s:7060   .debug_str:000000000000063a .LASF151
     /tmp/ccIe1MKi.s:7360   .debug_str:0000000000000f2c .LASF152
     /tmp/ccIe1MKi.s:6888   .debug_str:00000000000000ca .LASF153
     /tmp/ccIe1MKi.s:7220   .debug_str:0000000000000a9b .LASF154
     /tmp/ccIe1MKi.s:6978   .debug_str:00000000000003a5 .LASF155
     /tmp/ccIe1MKi.s:7038   .debug_str:0000000000000593 .LASF156
     /tmp/ccIe1MKi.s:7332   .debug_str:0000000000000e98 .LASF157
     /tmp/ccIe1MKi.s:7322   .debug_str:0000000000000e3e .LASF158
     /tmp/ccIe1MKi.s:7094   .debug_str:000000000000075c .LASF160
     /tmp/ccIe1MKi.s:7200   .debug_str:0000000000000a26 .LASF161
     /tmp/ccIe1MKi.s:6886   .debug_str:00000000000000b5 .LASF162
     /tmp/ccIe1MKi.s:7178   .debug_str:0000000000000996 .LASF163
     /tmp/ccIe1MKi.s:7184   .debug_str:00000000000009af .LASF164
     /tmp/ccIe1MKi.s:7132   .debug_str:0000000000000888 .LASF165
     /tmp/ccIe1MKi.s:7068   .debug_str:0000000000000696 .LASF166
     /tmp/ccIe1MKi.s:7364   .debug_str:0000000000000f45 .LASF167
     /tmp/ccIe1MKi.s:7250   .debug_str:0000000000000b94 .LASF168
     /tmp/ccIe1MKi.s:7126   .debug_str:000000000000086e .LASF169
     /tmp/ccIe1MKi.s:6992   .debug_str:000000000000041f .LASF170
     /tmp/ccIe1MKi.s:7088   .debug_str:0000000000000747 .LASF171
     /tmp/ccIe1MKi.s:7186   .debug_str:00000000000009c2 .LASF172
     /tmp/ccIe1MKi.s:7398   .debug_str:000000000000105b .LASF173
     /tmp/ccIe1MKi.s:7042   .debug_str:00000000000005a6 .LASF174
     /tmp/ccIe1MKi.s:7352   .debug_str:0000000000000f18 .LASF175
     /tmp/ccIe1MKi.s:7144   .debug_str:00000000000008b8 .LASF176
     /tmp/ccIe1MKi.s:7354   .debug_str:0000000000000f1d .LASF177
     /tmp/ccIe1MKi.s:7050   .debug_str:00000000000005f9 .LASF178
     /tmp/ccIe1MKi.s:7356   .debug_str:0000000000000f22 .LASF179
GAS LISTING /tmp/ccIe1MKi.s 			page 66


     /tmp/ccIe1MKi.s:6960   .debug_str:0000000000000310 .LASF180
     /tmp/ccIe1MKi.s:7358   .debug_str:0000000000000f27 .LASF181
     /tmp/ccIe1MKi.s:7276   .debug_str:0000000000000c37 .LASF182
     /tmp/ccIe1MKi.s:7054   .debug_str:0000000000000627 .LASF183
     /tmp/ccIe1MKi.s:7110   .debug_str:00000000000007ee .LASF184
     /tmp/ccIe1MKi.s:7056   .debug_str:000000000000062c .LASF185
     /tmp/ccIe1MKi.s:6910   .debug_str:0000000000000184 .LASF186
     /tmp/ccIe1MKi.s:6902   .debug_str:000000000000015f .LASF187
     /tmp/ccIe1MKi.s:7272   .debug_str:0000000000000c11 .LASF188
     /tmp/ccIe1MKi.s:6906   .debug_str:0000000000000173 .LASF189
     /tmp/ccIe1MKi.s:6968   .debug_str:0000000000000341 .LASF190
     /tmp/ccIe1MKi.s:7218   .debug_str:0000000000000a94 .LASF191
     /tmp/ccIe1MKi.s:6934   .debug_str:0000000000000243 .LASF192
     /tmp/ccIe1MKi.s:7190   .debug_str:00000000000009df .LASF193
     /tmp/ccIe1MKi.s:7028   .debug_str:0000000000000540 .LASF194
     /tmp/ccIe1MKi.s:7040   .debug_str:00000000000005a0 .LASF195
     /tmp/ccIe1MKi.s:7018   .debug_str:00000000000004e3 .LASF196
     /tmp/ccIe1MKi.s:6878   .debug_str:000000000000007f .LASF197
     /tmp/ccIe1MKi.s:7316   .debug_str:0000000000000e0b .LASF198
     /tmp/ccIe1MKi.s:7202   .debug_str:0000000000000a2f .LASF199
     /tmp/ccIe1MKi.s:7388   .debug_str:0000000000000fef .LASF200
     /tmp/ccIe1MKi.s:7348   .debug_str:0000000000000f06 .LASF201
     /tmp/ccIe1MKi.s:7046   .debug_str:00000000000005d1 .LASF202
     /tmp/ccIe1MKi.s:7062   .debug_str:000000000000065c .LASF203
     /tmp/ccIe1MKi.s:7112   .debug_str:00000000000007ff .LASF204
     /tmp/ccIe1MKi.s:60     .text:0000000000000020 .LFB57
     /tmp/ccIe1MKi.s:1986   .text:000000000000062c .LFE57
     /tmp/ccIe1MKi.s:6958   .debug_str:000000000000030a .LASF205
     /tmp/ccIe1MKi.s:6227   .debug_loc:0000000000000000 .LLST0
     /tmp/ccIe1MKi.s:7400   .debug_str:0000000000001063 .LASF206
     /tmp/ccIe1MKi.s:7312   .debug_str:0000000000000e01 .LASF207
     /tmp/ccIe1MKi.s:7314   .debug_str:0000000000000e06 .LASF208
     /tmp/ccIe1MKi.s:7182   .debug_str:00000000000009aa .LASF209
     /tmp/ccIe1MKi.s:7318   .debug_str:0000000000000e23 .LASF210
     /tmp/ccIe1MKi.s:727    .text:0000000000000230 .LBB454
     /tmp/ccIe1MKi.s:801    .text:0000000000000260 .LBE454
     /tmp/ccIe1MKi.s:7288   .debug_str:0000000000000d4c .LASF211
     /tmp/ccIe1MKi.s:6310   .debug_loc:000000000000018c .LLST69
     /tmp/ccIe1MKi.s:7350   .debug_str:0000000000000f10 .LASF212
     /tmp/ccIe1MKi.s:6317   .debug_loc:00000000000001af .LLST70
     /tmp/ccIe1MKi.s:729    .text:0000000000000230 .LBB455
     /tmp/ccIe1MKi.s:745    .text:000000000000023c .LBE455
     /tmp/ccIe1MKi.s:750    .text:0000000000000240 .LBB457
     /tmp/ccIe1MKi.s:766    .text:000000000000024c .LBE457
     /tmp/ccIe1MKi.s:772    .text:0000000000000254 .LBB459
     /tmp/ccIe1MKi.s:783    .text:0000000000000258 .LBE459
     /tmp/ccIe1MKi.s:6324   .debug_loc:00000000000001d2 .LLST71
     /tmp/ccIe1MKi.s:785    .text:0000000000000258 .LBB461
     /tmp/ccIe1MKi.s:796    .text:000000000000025c .LBE461
     /tmp/ccIe1MKi.s:6331   .debug_loc:00000000000001f5 .LLST72
     /tmp/ccIe1MKi.s:770    .text:0000000000000254 .LVL17
     /tmp/ccIe1MKi.s:803    .text:0000000000000260 .LBB431
     /tmp/ccIe1MKi.s:874    .text:0000000000000298 .LBE431
     /tmp/ccIe1MKi.s:6338   .debug_loc:0000000000000218 .LLST64
     /tmp/ccIe1MKi.s:7006   .debug_str:0000000000000479 .LASF213
     /tmp/ccIe1MKi.s:6345   .debug_loc:000000000000023b .LLST65
     /tmp/ccIe1MKi.s:7120   .debug_str:000000000000084b .LASF214
GAS LISTING /tmp/ccIe1MKi.s 			page 67


     /tmp/ccIe1MKi.s:6358   .debug_loc:0000000000000273 .LLST66
     /tmp/ccIe1MKi.s:805    .text:0000000000000260 .LBB432
     /tmp/ccIe1MKi.s:821    .text:000000000000026c .LBE432
     /tmp/ccIe1MKi.s:843    .text:0000000000000288 .LBB434
     /tmp/ccIe1MKi.s:854    .text:000000000000028c .LBE434
     /tmp/ccIe1MKi.s:6373   .debug_loc:00000000000002ad .LLST67
     /tmp/ccIe1MKi.s:859    .text:0000000000000290 .LBB436
     /tmp/ccIe1MKi.s:873    .text:0000000000000298 .LBE436
     /tmp/ccIe1MKi.s:6380   .debug_loc:00000000000002d0 .LLST68
     /tmp/ccIe1MKi.s:838    .text:0000000000000284 .LVL26
     /tmp/ccIe1MKi.s:876    .text:0000000000000298 .LBB409
     /tmp/ccIe1MKi.s:939    .text:00000000000002c8 .LBE409
     /tmp/ccIe1MKi.s:6387   .debug_loc:00000000000002f3 .LLST60
     /tmp/ccIe1MKi.s:7338   .debug_str:0000000000000ec8 .LASF215
     /tmp/ccIe1MKi.s:6394   .debug_loc:0000000000000316 .LLST61
     /tmp/ccIe1MKi.s:878    .text:0000000000000298 .LBB410
     /tmp/ccIe1MKi.s:894    .text:00000000000002a4 .LBE410
     /tmp/ccIe1MKi.s:908    .text:00000000000002b8 .LBB412
     /tmp/ccIe1MKi.s:919    .text:00000000000002bc .LBE412
     /tmp/ccIe1MKi.s:6401   .debug_loc:0000000000000339 .LLST62
     /tmp/ccIe1MKi.s:924    .text:00000000000002c0 .LBB414
     /tmp/ccIe1MKi.s:938    .text:00000000000002c8 .LBE414
     /tmp/ccIe1MKi.s:6408   .debug_loc:000000000000035c .LLST63
     /tmp/ccIe1MKi.s:902    .text:00000000000002b4 .LVL33
     /tmp/ccIe1MKi.s:941    .text:00000000000002c8 .LBB388
     /tmp/ccIe1MKi.s:1014   .text:0000000000000310 .LBE388
     /tmp/ccIe1MKi.s:6415   .debug_loc:000000000000037f .LLST55
     /tmp/ccIe1MKi.s:6422   .debug_loc:00000000000003a2 .LLST56
     /tmp/ccIe1MKi.s:6433   .debug_loc:00000000000003d8 .LLST57
     /tmp/ccIe1MKi.s:943    .text:00000000000002c8 .LBB389
     /tmp/ccIe1MKi.s:959    .text:00000000000002d4 .LBE389
     /tmp/ccIe1MKi.s:983    .text:0000000000000300 .LBB391
     /tmp/ccIe1MKi.s:994    .text:0000000000000304 .LBE391
     /tmp/ccIe1MKi.s:6440   .debug_loc:00000000000003fb .LLST58
     /tmp/ccIe1MKi.s:999    .text:0000000000000308 .LBB393
     /tmp/ccIe1MKi.s:1013   .text:0000000000000310 .LBE393
     /tmp/ccIe1MKi.s:6447   .debug_loc:000000000000041e .LLST59
     /tmp/ccIe1MKi.s:967    .text:00000000000002e4 .LVL40
     /tmp/ccIe1MKi.s:977    .text:00000000000002fc .LVL43
     /tmp/ccIe1MKi.s:1016   .text:0000000000000310 .LBB364
     /tmp/ccIe1MKi.s:1103   .text:0000000000000348 .LBE364
     /tmp/ccIe1MKi.s:6454   .debug_loc:0000000000000441 .LLST50
     /tmp/ccIe1MKi.s:6461   .debug_loc:0000000000000464 .LLST51
     /tmp/ccIe1MKi.s:1018   .text:0000000000000310 .LBB365
     /tmp/ccIe1MKi.s:1034   .text:000000000000031c .LBE365
     /tmp/ccIe1MKi.s:1039   .text:0000000000000320 .LBB367
     /tmp/ccIe1MKi.s:1055   .text:000000000000032c .LBE367
     /tmp/ccIe1MKi.s:1061   .text:0000000000000334 .LBB369
     /tmp/ccIe1MKi.s:1072   .text:0000000000000338 .LBE369
     /tmp/ccIe1MKi.s:6468   .debug_loc:0000000000000487 .LLST52
     /tmp/ccIe1MKi.s:1074   .text:0000000000000338 .LBB371
     /tmp/ccIe1MKi.s:1085   .text:000000000000033c .LBE371
     /tmp/ccIe1MKi.s:6475   .debug_loc:00000000000004aa .LLST53
     /tmp/ccIe1MKi.s:1087   .text:000000000000033c .LBB373
     /tmp/ccIe1MKi.s:1102   .text:0000000000000348 .LBE373
     /tmp/ccIe1MKi.s:6482   .debug_loc:00000000000004cd .LLST54
     /tmp/ccIe1MKi.s:1059   .text:0000000000000334 .LVL51
GAS LISTING /tmp/ccIe1MKi.s 			page 68


     /tmp/ccIe1MKi.s:1105   .text:0000000000000348 .LBB345
     /tmp/ccIe1MKi.s:1172   .text:000000000000038c .LBE345
     /tmp/ccIe1MKi.s:6490   .debug_loc:00000000000004f1 .LLST45
     /tmp/ccIe1MKi.s:7172   .debug_str:0000000000000972 .LASF216
     /tmp/ccIe1MKi.s:6497   .debug_loc:0000000000000514 .LLST46
     /tmp/ccIe1MKi.s:1107   .text:0000000000000348 .LBB346
     /tmp/ccIe1MKi.s:1123   .text:0000000000000354 .LBE346
     /tmp/ccIe1MKi.s:1138   .text:000000000000036c .LBB348
     /tmp/ccIe1MKi.s:1147   .text:0000000000000374 .LBE348
     /tmp/ccIe1MKi.s:6504   .debug_loc:0000000000000537 .LLST47
     /tmp/ccIe1MKi.s:6512   .debug_loc:000000000000055b .LLST48
     /tmp/ccIe1MKi.s:1157   .text:0000000000000384 .LBB350
     /tmp/ccIe1MKi.s:1171   .text:000000000000038c .LBE350
     /tmp/ccIe1MKi.s:6519   .debug_loc:000000000000057e .LLST49
     /tmp/ccIe1MKi.s:1151   .text:000000000000037c .LVL60
     /tmp/ccIe1MKi.s:1155   .text:0000000000000384 .LVL61
     /tmp/ccIe1MKi.s:1174   .text:000000000000038c .LBB329
     /tmp/ccIe1MKi.s:1221   .text:00000000000003b8 .LBE329
     /tmp/ccIe1MKi.s:6526   .debug_loc:00000000000005a1 .LLST43
     /tmp/ccIe1MKi.s:1176   .text:000000000000038c .LBB330
     /tmp/ccIe1MKi.s:1192   .text:0000000000000398 .LBE330
     /tmp/ccIe1MKi.s:1206   .text:00000000000003b0 .LBB332
     /tmp/ccIe1MKi.s:1220   .text:00000000000003b8 .LBE332
     /tmp/ccIe1MKi.s:6533   .debug_loc:00000000000005c4 .LLST44
     /tmp/ccIe1MKi.s:1200   .text:00000000000003a8 .LVL65
     /tmp/ccIe1MKi.s:1204   .text:00000000000003b0 .LVL66
     /tmp/ccIe1MKi.s:1223   .text:00000000000003b8 .LBB312
     /tmp/ccIe1MKi.s:1288   .text:00000000000003f0 .LBE312
     /tmp/ccIe1MKi.s:6540   .debug_loc:00000000000005e7 .LLST39
     /tmp/ccIe1MKi.s:6547   .debug_loc:000000000000060a .LLST40
     /tmp/ccIe1MKi.s:1225   .text:00000000000003b8 .LBB313
     /tmp/ccIe1MKi.s:1241   .text:00000000000003c4 .LBE313
     /tmp/ccIe1MKi.s:1257   .text:00000000000003e0 .LBB315
     /tmp/ccIe1MKi.s:1268   .text:00000000000003e4 .LBE315
     /tmp/ccIe1MKi.s:6554   .debug_loc:000000000000062d .LLST41
     /tmp/ccIe1MKi.s:1273   .text:00000000000003e8 .LBB317
     /tmp/ccIe1MKi.s:1287   .text:00000000000003f0 .LBE317
     /tmp/ccIe1MKi.s:6561   .debug_loc:0000000000000650 .LLST42
     /tmp/ccIe1MKi.s:1251   .text:00000000000003dc .LVL70
     /tmp/ccIe1MKi.s:1290   .text:00000000000003f0 .LBB296
     /tmp/ccIe1MKi.s:1353   .text:0000000000000420 .LBE296
     /tmp/ccIe1MKi.s:6568   .debug_loc:0000000000000673 .LLST35
     /tmp/ccIe1MKi.s:6575   .debug_loc:0000000000000696 .LLST36
     /tmp/ccIe1MKi.s:1292   .text:00000000000003f0 .LBB297
     /tmp/ccIe1MKi.s:1308   .text:00000000000003fc .LBE297
     /tmp/ccIe1MKi.s:1322   .text:0000000000000410 .LBB299
     /tmp/ccIe1MKi.s:1333   .text:0000000000000414 .LBE299
     /tmp/ccIe1MKi.s:6582   .debug_loc:00000000000006b9 .LLST37
     /tmp/ccIe1MKi.s:1338   .text:0000000000000418 .LBB301
     /tmp/ccIe1MKi.s:1352   .text:0000000000000420 .LBE301
     /tmp/ccIe1MKi.s:6589   .debug_loc:00000000000006dc .LLST38
     /tmp/ccIe1MKi.s:1316   .text:000000000000040c .LVL77
     /tmp/ccIe1MKi.s:1355   .text:0000000000000420 .LBB281
     /tmp/ccIe1MKi.s:1418   .text:0000000000000450 .LBE281
     /tmp/ccIe1MKi.s:6596   .debug_loc:00000000000006ff .LLST31
     /tmp/ccIe1MKi.s:6603   .debug_loc:0000000000000722 .LLST32
     /tmp/ccIe1MKi.s:1357   .text:0000000000000420 .LBB282
GAS LISTING /tmp/ccIe1MKi.s 			page 69


     /tmp/ccIe1MKi.s:1373   .text:000000000000042c .LBE282
     /tmp/ccIe1MKi.s:1387   .text:0000000000000440 .LBB284
     /tmp/ccIe1MKi.s:1398   .text:0000000000000444 .LBE284
     /tmp/ccIe1MKi.s:6610   .debug_loc:0000000000000745 .LLST33
     /tmp/ccIe1MKi.s:1403   .text:0000000000000448 .LBB286
     /tmp/ccIe1MKi.s:1417   .text:0000000000000450 .LBE286
     /tmp/ccIe1MKi.s:6617   .debug_loc:0000000000000768 .LLST34
     /tmp/ccIe1MKi.s:1381   .text:000000000000043c .LVL84
     /tmp/ccIe1MKi.s:1420   .text:0000000000000450 .LBB267
     /tmp/ccIe1MKi.s:1483   .text:0000000000000480 .LBE267
     /tmp/ccIe1MKi.s:6624   .debug_loc:000000000000078b .LLST27
     /tmp/ccIe1MKi.s:6631   .debug_loc:00000000000007ae .LLST28
     /tmp/ccIe1MKi.s:1422   .text:0000000000000450 .LBB268
     /tmp/ccIe1MKi.s:1438   .text:000000000000045c .LBE268
     /tmp/ccIe1MKi.s:1452   .text:0000000000000470 .LBB270
     /tmp/ccIe1MKi.s:1463   .text:0000000000000474 .LBE270
     /tmp/ccIe1MKi.s:6638   .debug_loc:00000000000007d1 .LLST29
     /tmp/ccIe1MKi.s:1468   .text:0000000000000478 .LBB272
     /tmp/ccIe1MKi.s:1482   .text:0000000000000480 .LBE272
     /tmp/ccIe1MKi.s:6645   .debug_loc:00000000000007f4 .LLST30
     /tmp/ccIe1MKi.s:1446   .text:000000000000046c .LVL91
     /tmp/ccIe1MKi.s:1485   .text:0000000000000480 .LBB254
     /tmp/ccIe1MKi.s:1550   .text:00000000000004b8 .LBE254
     /tmp/ccIe1MKi.s:6652   .debug_loc:0000000000000817 .LLST23
     /tmp/ccIe1MKi.s:6659   .debug_loc:000000000000083a .LLST24
     /tmp/ccIe1MKi.s:1487   .text:0000000000000480 .LBB255
     /tmp/ccIe1MKi.s:1503   .text:000000000000048c .LBE255
     /tmp/ccIe1MKi.s:1519   .text:00000000000004a8 .LBB257
     /tmp/ccIe1MKi.s:1530   .text:00000000000004ac .LBE257
     /tmp/ccIe1MKi.s:6666   .debug_loc:000000000000085d .LLST25
     /tmp/ccIe1MKi.s:1535   .text:00000000000004b0 .LBB259
     /tmp/ccIe1MKi.s:1549   .text:00000000000004b8 .LBE259
     /tmp/ccIe1MKi.s:6673   .debug_loc:0000000000000880 .LLST26
     /tmp/ccIe1MKi.s:1513   .text:00000000000004a4 .LVL98
     /tmp/ccIe1MKi.s:1552   .text:00000000000004b8 .LBB242
     /tmp/ccIe1MKi.s:1617   .text:00000000000004f0 .LBE242
     /tmp/ccIe1MKi.s:6680   .debug_loc:00000000000008a3 .LLST19
     /tmp/ccIe1MKi.s:6687   .debug_loc:00000000000008c6 .LLST20
     /tmp/ccIe1MKi.s:1554   .text:00000000000004b8 .LBB243
     /tmp/ccIe1MKi.s:1570   .text:00000000000004c4 .LBE243
     /tmp/ccIe1MKi.s:1586   .text:00000000000004e0 .LBB245
     /tmp/ccIe1MKi.s:1597   .text:00000000000004e4 .LBE245
     /tmp/ccIe1MKi.s:6694   .debug_loc:00000000000008e9 .LLST21
     /tmp/ccIe1MKi.s:1602   .text:00000000000004e8 .LBB247
     /tmp/ccIe1MKi.s:1616   .text:00000000000004f0 .LBE247
     /tmp/ccIe1MKi.s:6701   .debug_loc:000000000000090c .LLST22
     /tmp/ccIe1MKi.s:1580   .text:00000000000004dc .LVL105
     /tmp/ccIe1MKi.s:1619   .text:00000000000004f0 .LBB231
     /tmp/ccIe1MKi.s:1681   .text:000000000000051c .LBE231
     /tmp/ccIe1MKi.s:6708   .debug_loc:000000000000092f .LLST15
     /tmp/ccIe1MKi.s:6715   .debug_loc:0000000000000952 .LLST16
     /tmp/ccIe1MKi.s:1621   .text:00000000000004f0 .LBB232
     /tmp/ccIe1MKi.s:1637   .text:00000000000004fc .LBE232
     /tmp/ccIe1MKi.s:1650   .text:000000000000050c .LBB234
     /tmp/ccIe1MKi.s:1661   .text:0000000000000510 .LBE234
     /tmp/ccIe1MKi.s:6722   .debug_loc:0000000000000975 .LLST17
     /tmp/ccIe1MKi.s:1666   .text:0000000000000514 .LBB236
GAS LISTING /tmp/ccIe1MKi.s 			page 70


     /tmp/ccIe1MKi.s:1680   .text:000000000000051c .LBE236
     /tmp/ccIe1MKi.s:6729   .debug_loc:0000000000000998 .LLST18
     /tmp/ccIe1MKi.s:1644   .text:0000000000000508 .LVL112
     /tmp/ccIe1MKi.s:1683   .text:000000000000051c .LBB221
     /tmp/ccIe1MKi.s:1743   .text:000000000000054c .LBE221
     /tmp/ccIe1MKi.s:6736   .debug_loc:00000000000009bb .LLST12
     /tmp/ccIe1MKi.s:1685   .text:000000000000051c .LBB222
     /tmp/ccIe1MKi.s:1701   .text:0000000000000528 .LBE222
     /tmp/ccIe1MKi.s:1712   .text:000000000000053c .LBB224
     /tmp/ccIe1MKi.s:1723   .text:0000000000000540 .LBE224
     /tmp/ccIe1MKi.s:6743   .debug_loc:00000000000009de .LLST13
     /tmp/ccIe1MKi.s:1728   .text:0000000000000544 .LBB226
     /tmp/ccIe1MKi.s:1742   .text:000000000000054c .LBE226
     /tmp/ccIe1MKi.s:6750   .debug_loc:0000000000000a01 .LLST14
     /tmp/ccIe1MKi.s:1710   .text:000000000000053c .LVL119
     /tmp/ccIe1MKi.s:1745   .text:000000000000054c .LBB215
     /tmp/ccIe1MKi.s:1789   .text:0000000000000574 .LBE215
     /tmp/ccIe1MKi.s:6757   .debug_loc:0000000000000a24 .LLST10
     /tmp/ccIe1MKi.s:1747   .text:000000000000054c .LBB216
     /tmp/ccIe1MKi.s:1763   .text:0000000000000558 .LBE216
     /tmp/ccIe1MKi.s:1774   .text:000000000000056c .LBB218
     /tmp/ccIe1MKi.s:1788   .text:0000000000000574 .LBE218
     /tmp/ccIe1MKi.s:6764   .debug_loc:0000000000000a47 .LLST11
     /tmp/ccIe1MKi.s:1772   .text:000000000000056c .LVL125
     /tmp/ccIe1MKi.s:668    .text:0000000000000210 .LBB210
     /tmp/ccIe1MKi.s:710    .text:0000000000000230 .LBE210
     /tmp/ccIe1MKi.s:6771   .debug_loc:0000000000000a6a .LLST8
     /tmp/ccIe1MKi.s:670    .text:0000000000000210 .LBB211
     /tmp/ccIe1MKi.s:686    .text:000000000000021c .LBE211
     /tmp/ccIe1MKi.s:695    .text:0000000000000228 .LBB213
     /tmp/ccIe1MKi.s:709    .text:0000000000000230 .LBE213
     /tmp/ccIe1MKi.s:6778   .debug_loc:0000000000000a8d .LLST9
     /tmp/ccIe1MKi.s:693    .text:0000000000000228 .LVL12
     /tmp/ccIe1MKi.s:1855   .text:00000000000005b0 .LBB178
     /tmp/ccIe1MKi.s:1929   .text:00000000000005e8 .LBE178
     /tmp/ccIe1MKi.s:6785   .debug_loc:0000000000000ab0 .LLST3
     /tmp/ccIe1MKi.s:6792   .debug_loc:0000000000000ad3 .LLST4
     /tmp/ccIe1MKi.s:1857   .text:00000000000005b0 .LBB179
     /tmp/ccIe1MKi.s:1873   .text:00000000000005bc .LBE179
     /tmp/ccIe1MKi.s:1875   .text:00000000000005bc .LBB181
     /tmp/ccIe1MKi.s:1891   .text:00000000000005c8 .LBE181
     /tmp/ccIe1MKi.s:1901   .text:00000000000005dc .LBB183
     /tmp/ccIe1MKi.s:1912   .text:00000000000005e0 .LBE183
     /tmp/ccIe1MKi.s:6799   .debug_loc:0000000000000af6 .LLST5
     /tmp/ccIe1MKi.s:1914   .text:00000000000005e0 .LBB185
     /tmp/ccIe1MKi.s:1928   .text:00000000000005e8 .LBE185
     /tmp/ccIe1MKi.s:6806   .debug_loc:0000000000000b19 .LLST6
     /tmp/ccIe1MKi.s:1899   .text:00000000000005dc .LVL134
     /tmp/ccIe1MKi.s:6852   .debug_ranges:0000000000000000 .Ldebug_ranges0
     /tmp/ccIe1MKi.s:6813   .debug_loc:0000000000000b3c .LLST1
     /tmp/ccIe1MKi.s:1937   .text:00000000000005f0 .LVL137
     /tmp/ccIe1MKi.s:1949   .text:0000000000000608 .LVL140
     /tmp/ccIe1MKi.s:1979   .text:0000000000000628 .LVL142
     /tmp/ccIe1MKi.s:76     .text:0000000000000038 .LBB163
     /tmp/ccIe1MKi.s:93     .text:0000000000000044 .LBE163
     /tmp/ccIe1MKi.s:178    .text:00000000000000d8 .LBB168
     /tmp/ccIe1MKi.s:193    .text:00000000000000e4 .LBE168
GAS LISTING /tmp/ccIe1MKi.s 			page 71


     /tmp/ccIe1MKi.s:210    .text:0000000000000114 .LBB170
     /tmp/ccIe1MKi.s:225    .text:0000000000000120 .LBE170
     /tmp/ccIe1MKi.s:1824   .text:000000000000059c .LBB176
     /tmp/ccIe1MKi.s:1831   .text:00000000000005a0 .LBE176
     /tmp/ccIe1MKi.s:6824   .debug_loc:0000000000000b72 .LLST2
     /tmp/ccIe1MKi.s:1838   .text:00000000000005a4 .LBB187
     /tmp/ccIe1MKi.s:1853   .text:00000000000005b0 .LBE187
     /tmp/ccIe1MKi.s:6831   .debug_loc:0000000000000b95 .LLST7
     /tmp/ccIe1MKi.s:159    .text:00000000000000a4 .LVL1
     /tmp/ccIe1MKi.s:166    .text:00000000000000b8 .LVL2
     /tmp/ccIe1MKi.s:171    .text:00000000000000c8 .LVL3
     /tmp/ccIe1MKi.s:176    .text:00000000000000d8 .LVL4
     /tmp/ccIe1MKi.s:198    .text:00000000000000f4 .LVL5
     /tmp/ccIe1MKi.s:203    .text:0000000000000104 .LVL6
     /tmp/ccIe1MKi.s:208    .text:0000000000000114 .LVL7
     /tmp/ccIe1MKi.s:230    .text:0000000000000130 .LVL8
     /tmp/ccIe1MKi.s:235    .text:0000000000000140 .LVL9
     /tmp/ccIe1MKi.s:1811   .text:000000000000057c .LVL127
     /tmp/ccIe1MKi.s:10     .text:0000000000000000 .LFB56
     /tmp/ccIe1MKi.s:40     .text:0000000000000020 .LFE56
     /tmp/ccIe1MKi.s:7336   .debug_str:0000000000000ec3 .LASF217
     /tmp/ccIe1MKi.s:7156   .debug_str:000000000000090b .LASF218
     /tmp/ccIe1MKi.s:6952   .debug_str:00000000000002de .LASF219
     /tmp/ccIe1MKi.s:6994   .debug_str:0000000000000433 .LASF220
     /tmp/ccIe1MKi.s:6940   .debug_str:000000000000027f .LASF221
     /tmp/ccIe1MKi.s:7106   .debug_str:00000000000007c6 .LASF222
     /tmp/ccIe1MKi.s:6944   .debug_str:000000000000029a .LASF224
     /tmp/ccIe1MKi.s:7326   .debug_str:0000000000000e4c .LASF223
     /tmp/ccIe1MKi.s:6982   .debug_str:00000000000003ca .LASF225
     /tmp/ccIe1MKi.s:7166   .debug_str:000000000000093c .LASF226
     /tmp/ccIe1MKi.s:7268   .debug_str:0000000000000bff .LASF227
     /tmp/ccIe1MKi.s:7226   .debug_str:0000000000000ad1 .LASF228
     /tmp/ccIe1MKi.s:7148   .debug_str:00000000000008d0 .LASF229
     /tmp/ccIe1MKi.s:7274   .debug_str:0000000000000c22 .LASF230
     /tmp/ccIe1MKi.s:6996   .debug_str:0000000000000438 .LASF231
     /tmp/ccIe1MKi.s:7016   .debug_str:00000000000004cd .LASF232
     /tmp/ccIe1MKi.s:7334   .debug_str:0000000000000eb2 .LASF233
     /tmp/ccIe1MKi.s:7118   .debug_str:0000000000000832 .LASF234
     /tmp/ccIe1MKi.s:7116   .debug_str:0000000000000825 .LASF235
     /tmp/ccIe1MKi.s:6990   .debug_str:0000000000000407 .LASF236
     /tmp/ccIe1MKi.s:6892   .debug_str:00000000000000fe .LASF237
     /tmp/ccIe1MKi.s:6954   .debug_str:00000000000002e5 .LASF238
     /tmp/ccIe1MKi.s:7130   .debug_str:000000000000087b .LASF239
     /tmp/ccIe1MKi.s:6896   .debug_str:0000000000000125 .LASF240
     /tmp/ccIe1MKi.s:6904   .debug_str:0000000000000164 .LASF241
     /tmp/ccIe1MKi.s:6880   .debug_str:000000000000008a .LASF242
     /tmp/ccIe1MKi.s:7108   .debug_str:00000000000007df .LASF243
     /tmp/ccIe1MKi.s:7300   .debug_str:0000000000000d9b .LASF244
     /tmp/ccIe1MKi.s:7298   .debug_str:0000000000000d8a .LASF245
     /tmp/ccIe1MKi.s:6874   .debug_str:000000000000006b .LASF246
     /tmp/ccIe1MKi.s:6984   .debug_str:00000000000003d8 .LASF247
     /tmp/ccIe1MKi.s:7150   .debug_str:00000000000008e2 .LASF248
     /tmp/ccIe1MKi.s:6924   .debug_str:00000000000001fc .LASF249
     /tmp/ccIe1MKi.s:7192   .debug_str:00000000000009e5 .LASF250
     /tmp/ccIe1MKi.s:7114   .debug_str:0000000000000815 .LASF251
     /tmp/ccIe1MKi.s:7098   .debug_str:000000000000078d .LASF252
     /tmp/ccIe1MKi.s:7170   .debug_str:0000000000000964 .LASF253
GAS LISTING /tmp/ccIe1MKi.s 			page 72


     /tmp/ccIe1MKi.s:7096   .debug_str:0000000000000771 .LASF254
     /tmp/ccIe1MKi.s:6948   .debug_str:00000000000002b7 .LASF255
     /tmp/ccIe1MKi.s:7082   .debug_str:000000000000070e .LASF256
     /tmp/ccIe1MKi.s:7376   .debug_str:0000000000000f81 .LASF257
     /tmp/ccIe1MKi.s:6922   .debug_str:00000000000001ed .LASF258
     /tmp/ccIe1MKi.s:7162   .debug_str:000000000000092c .LASF259
     /tmp/ccIe1MKi.s:91     .text:0000000000000044 .LVL0
     /tmp/ccIe1MKi.s:684    .text:000000000000021c .LVL10
     /tmp/ccIe1MKi.s:706    .text:0000000000000230 .LVL13
     /tmp/ccIe1MKi.s:743    .text:000000000000023c .LVL14
     /tmp/ccIe1MKi.s:799    .text:0000000000000260 .LVL20
     /tmp/ccIe1MKi.s:819    .text:000000000000026c .LVL21
     /tmp/ccIe1MKi.s:870    .text:0000000000000298 .LVL30
     /tmp/ccIe1MKi.s:892    .text:00000000000002a4 .LVL31
     /tmp/ccIe1MKi.s:935    .text:00000000000002c8 .LVL37
     /tmp/ccIe1MKi.s:957    .text:00000000000002d4 .LVL38
     /tmp/ccIe1MKi.s:1010   .text:0000000000000310 .LVL47
     /tmp/ccIe1MKi.s:1032   .text:000000000000031c .LVL48
     /tmp/ccIe1MKi.s:1099   .text:0000000000000348 .LVL54
     /tmp/ccIe1MKi.s:1121   .text:0000000000000354 .LVL55
     /tmp/ccIe1MKi.s:1168   .text:000000000000038c .LVL62
     /tmp/ccIe1MKi.s:1190   .text:0000000000000398 .LVL63
     /tmp/ccIe1MKi.s:1217   .text:00000000000003b8 .LVL67
     /tmp/ccIe1MKi.s:1239   .text:00000000000003c4 .LVL68
     /tmp/ccIe1MKi.s:1284   .text:00000000000003f0 .LVL74
     /tmp/ccIe1MKi.s:1306   .text:00000000000003fc .LVL75
     /tmp/ccIe1MKi.s:1349   .text:0000000000000420 .LVL81
     /tmp/ccIe1MKi.s:1371   .text:000000000000042c .LVL82
     /tmp/ccIe1MKi.s:1414   .text:0000000000000450 .LVL88
     /tmp/ccIe1MKi.s:1436   .text:000000000000045c .LVL89
     /tmp/ccIe1MKi.s:1479   .text:0000000000000480 .LVL95
     /tmp/ccIe1MKi.s:1501   .text:000000000000048c .LVL96
     /tmp/ccIe1MKi.s:1546   .text:00000000000004b8 .LVL102
     /tmp/ccIe1MKi.s:1568   .text:00000000000004c4 .LVL103
     /tmp/ccIe1MKi.s:1613   .text:00000000000004f0 .LVL109
     /tmp/ccIe1MKi.s:1635   .text:00000000000004fc .LVL110
     /tmp/ccIe1MKi.s:1677   .text:000000000000051c .LVL116
     /tmp/ccIe1MKi.s:1699   .text:0000000000000528 .LVL117
     /tmp/ccIe1MKi.s:1739   .text:000000000000054c .LVL122
     /tmp/ccIe1MKi.s:1761   .text:0000000000000558 .LVL123
     /tmp/ccIe1MKi.s:1785   .text:0000000000000574 .LVL126
     /tmp/ccIe1MKi.s:1834   .text:00000000000005a4 .LVL130
     /tmp/ccIe1MKi.s:1850   .text:00000000000005b0 .LVL131
     /tmp/ccIe1MKi.s:1871   .text:00000000000005bc .LVL132
     /tmp/ccIe1MKi.s:1925   .text:00000000000005e8 .LVL136
     /tmp/ccIe1MKi.s:1939   .text:00000000000005f4 .LVL138
     /tmp/ccIe1MKi.s:748    .text:0000000000000240 .LVL15
     /tmp/ccIe1MKi.s:764    .text:000000000000024c .LVL16
     /tmp/ccIe1MKi.s:780    .text:0000000000000258 .LVL18
     /tmp/ccIe1MKi.s:793    .text:000000000000025c .LVL19
     /tmp/ccIe1MKi.s:824    .text:0000000000000270 .LVL22
     /tmp/ccIe1MKi.s:828    .text:0000000000000274 .LVL23
     /tmp/ccIe1MKi.s:832    .text:0000000000000278 .LVL24
     /tmp/ccIe1MKi.s:836    .text:000000000000027c .LVL25
     /tmp/ccIe1MKi.s:842    .text:0000000000000288 .LVL27
     /tmp/ccIe1MKi.s:851    .text:000000000000028c .LVL28
     /tmp/ccIe1MKi.s:858    .text:0000000000000290 .LVL29
GAS LISTING /tmp/ccIe1MKi.s 			page 73


     /tmp/ccIe1MKi.s:897    .text:00000000000002a8 .LVL32
     /tmp/ccIe1MKi.s:907    .text:00000000000002b8 .LVL34
     /tmp/ccIe1MKi.s:916    .text:00000000000002bc .LVL35
     /tmp/ccIe1MKi.s:923    .text:00000000000002c0 .LVL36
     /tmp/ccIe1MKi.s:962    .text:00000000000002d8 .LVL39
     /tmp/ccIe1MKi.s:969    .text:00000000000002e8 .LVL41
     /tmp/ccIe1MKi.s:973    .text:00000000000002ec .LVL42
     /tmp/ccIe1MKi.s:982    .text:0000000000000300 .LVL44
     /tmp/ccIe1MKi.s:991    .text:0000000000000304 .LVL45
     /tmp/ccIe1MKi.s:998    .text:0000000000000308 .LVL46
     /tmp/ccIe1MKi.s:1037   .text:0000000000000320 .LVL49
     /tmp/ccIe1MKi.s:1053   .text:000000000000032c .LVL50
     /tmp/ccIe1MKi.s:1069   .text:0000000000000338 .LVL52
     /tmp/ccIe1MKi.s:1082   .text:000000000000033c .LVL53
     /tmp/ccIe1MKi.s:1126   .text:0000000000000358 .LVL56
     /tmp/ccIe1MKi.s:1131   .text:0000000000000364 .LVL57
     /tmp/ccIe1MKi.s:1137   .text:000000000000036c .LVL58
     /tmp/ccIe1MKi.s:1145   .text:0000000000000374 .LVL59
     /tmp/ccIe1MKi.s:1195   .text:000000000000039c .LVL64
     /tmp/ccIe1MKi.s:1244   .text:00000000000003c8 .LVL69
     /tmp/ccIe1MKi.s:1256   .text:00000000000003e0 .LVL71
     /tmp/ccIe1MKi.s:1265   .text:00000000000003e4 .LVL72
     /tmp/ccIe1MKi.s:1272   .text:00000000000003e8 .LVL73
     /tmp/ccIe1MKi.s:1311   .text:0000000000000400 .LVL76
     /tmp/ccIe1MKi.s:1321   .text:0000000000000410 .LVL78
     /tmp/ccIe1MKi.s:1330   .text:0000000000000414 .LVL79
     /tmp/ccIe1MKi.s:1337   .text:0000000000000418 .LVL80
     /tmp/ccIe1MKi.s:1376   .text:0000000000000430 .LVL83
     /tmp/ccIe1MKi.s:1386   .text:0000000000000440 .LVL85
     /tmp/ccIe1MKi.s:1395   .text:0000000000000444 .LVL86
     /tmp/ccIe1MKi.s:1402   .text:0000000000000448 .LVL87
     /tmp/ccIe1MKi.s:1441   .text:0000000000000460 .LVL90
     /tmp/ccIe1MKi.s:1451   .text:0000000000000470 .LVL92
     /tmp/ccIe1MKi.s:1460   .text:0000000000000474 .LVL93
     /tmp/ccIe1MKi.s:1467   .text:0000000000000478 .LVL94
     /tmp/ccIe1MKi.s:1506   .text:0000000000000490 .LVL97
     /tmp/ccIe1MKi.s:1518   .text:00000000000004a8 .LVL99
     /tmp/ccIe1MKi.s:1527   .text:00000000000004ac .LVL100
     /tmp/ccIe1MKi.s:1534   .text:00000000000004b0 .LVL101
     /tmp/ccIe1MKi.s:1573   .text:00000000000004c8 .LVL104
     /tmp/ccIe1MKi.s:1585   .text:00000000000004e0 .LVL106
     /tmp/ccIe1MKi.s:1594   .text:00000000000004e4 .LVL107
     /tmp/ccIe1MKi.s:1601   .text:00000000000004e8 .LVL108
     /tmp/ccIe1MKi.s:1640   .text:0000000000000500 .LVL111
     /tmp/ccIe1MKi.s:1649   .text:000000000000050c .LVL113
     /tmp/ccIe1MKi.s:1658   .text:0000000000000510 .LVL114
     /tmp/ccIe1MKi.s:1665   .text:0000000000000514 .LVL115
     /tmp/ccIe1MKi.s:1704   .text:000000000000052c .LVL118
     /tmp/ccIe1MKi.s:1720   .text:0000000000000540 .LVL120
     /tmp/ccIe1MKi.s:1727   .text:0000000000000544 .LVL121
     /tmp/ccIe1MKi.s:1766   .text:000000000000055c .LVL124
     /tmp/ccIe1MKi.s:689    .text:0000000000000220 .LVL11
     /tmp/ccIe1MKi.s:1889   .text:00000000000005c8 .LVL133
     /tmp/ccIe1MKi.s:1909   .text:00000000000005e0 .LVL135
     /tmp/ccIe1MKi.s:1943   .text:00000000000005fc .LVL139
     /tmp/ccIe1MKi.s:1969   .text:0000000000000620 .LVL141
     /tmp/ccIe1MKi.s:1823   .text:000000000000059c .LVL128
GAS LISTING /tmp/ccIe1MKi.s 			page 74


     /tmp/ccIe1MKi.s:1829   .text:00000000000005a0 .LVL129
     /tmp/ccIe1MKi.s:1999   .debug_info:0000000000000000 .Ldebug_info0
     /tmp/ccIe1MKi.s:1933   .text:00000000000005e8 .LBB172
     /tmp/ccIe1MKi.s:1951   .text:0000000000000608 .LBE172
     /tmp/ccIe1MKi.s:1975   .text:0000000000000620 .LBB173
     /tmp/ccIe1MKi.s:1981   .text:000000000000062c .LBE173

UNDEFINED SYMBOLS
_Z11printStringPKc
_Z8printIntmhh
_Z15sync_thread_abiv
_Z19thread_dispatch_abiv
_Z13mem_alloc_abim
_Z12mem_free_abiPv
_ZN15MemoryAllocator8allocateEm
_Z17thread_create_abiPP7_threadPFvPvES2_S2_
_Z15thread_exit_abiv
_ZN3TCB7runningE
_ZN9Scheduler4putSEP3TCB
_ZN3TCB8dispatchEv
_Z16thread_sleep_abim
_Z12sem_open_abiPP4_semi
_Z13sem_close_abiP4_sem
_Z12sem_wait_abiP4_sem
_Z14sem_signal_abiP4_sem
_Z14sem_wait_n_abiP4_semi
_Z16sem_signal_n_abiP4_semi
_Z8getc_abiv
_Z8putc_abic
_ZN3TCB10setPartnerEPS_S0_
_ZN3TCB23update_sleeping_threadsEv
_ZN3TCB16timeSliceCounterE
plic_claim
plic_complete
_Z22kernel_console_handlerv
