GAS LISTING /tmp/ccORtmMU.s 			page 1


   1              		.file	"tcb.cpp"
   2              		.option pic
   3              		.option norelax
   4              		.text
   5              	.Ltext0:
   6              		.align	2
   7              		.globl	_ZN3TCB5yieldEv
   9              	_ZN3TCB5yieldEv:
  10              	.LFB56:
  11              		.file 1 "src/tcb.cpp"
   1:src/tcb.cpp   **** #include "../h/tcb.hpp"
   2:src/tcb.cpp   **** 
   3:src/tcb.cpp   **** #include "../h/printing.hpp"
   4:src/tcb.cpp   **** #include "../h/riscv.hpp"
   5:src/tcb.cpp   **** #include "../h/scheduler.hpp"
   6:src/tcb.cpp   **** #include "../h/semkernel.hpp"
   7:src/tcb.cpp   **** 
   8:src/tcb.cpp   **** 
   9:src/tcb.cpp   **** TCB* TCB::running = nullptr;
  10:src/tcb.cpp   **** int TCB::ID = 0;
  11:src/tcb.cpp   **** uint64 TCB::timeSliceCounter = 0;
  12:src/tcb.cpp   **** 
  13:src/tcb.cpp   **** void TCB::yield() {
  12              		.loc 1 13 19
  13              		.cfi_startproc
  14 0000 130101FF 		addi	sp,sp,-16
  15              		.cfi_def_cfa_offset 16
  16 0004 23348100 		sd	s0,8(sp)
  17              		.cfi_offset 8, -8
  18 0008 13040101 		addi	s0,sp,16
  19              		.cfi_def_cfa 8, 0
  14:src/tcb.cpp   ****     __asm__ volatile (
  20              		.loc 1 14 5
  15:src/tcb.cpp   ****         "mv a0, %0\t\n"
  16:src/tcb.cpp   ****         "ecall" :: "r"(0x13) : "a0");
  21              		.loc 1 16 37 is_stmt 0
  22 000c 93073001 		li	a5,19
  23              	#APP
  24              	# 16 "src/tcb.cpp" 1
  17 0014 73000000 	}
  18              	
  17:src/tcb.cpp   **** 
  25              		mv a0, a5	
  26              	ecall
  27              	# 0 "" 2
  28              		.loc 1 17 1
  29              	#NO_APP
  30 0018 03348100 		ld	s0,8(sp)
  31              		.cfi_restore 8
  32              		.cfi_def_cfa 2, 16
  33 001c 13010101 		addi	sp,sp,16
  34              		.cfi_def_cfa_offset 0
  35 0020 67800000 		jr	ra
  36              		.cfi_endproc
  37              	.LFE56:
  39              		.align	2
  40              		.globl	_ZN3TCB13threadWrapperEv
GAS LISTING /tmp/ccORtmMU.s 			page 2


  42              	_ZN3TCB13threadWrapperEv:
  43              	.LFB59:
  19:src/tcb.cpp   **** void TCB::dispatch() {
  20:src/tcb.cpp   ****     TCB* old = TCB::running;
  21:src/tcb.cpp   ****     TCB* next = Scheduler::get();
  22:src/tcb.cpp   ****     if (next == nullptr) {
  23:src/tcb.cpp   ****         return;
  24:src/tcb.cpp   ****     }
  25:src/tcb.cpp   ****     if (!old->isFinished() && !old->isBlocked()) {
  26:src/tcb.cpp   ****         Scheduler::put(old);
  27:src/tcb.cpp   ****     }
  28:src/tcb.cpp   ****     TCB::running = next;
  29:src/tcb.cpp   ****     Riscv::mc_sstatus(Riscv::SSTATUS_SPP);
  30:src/tcb.cpp   ****     TCB::contextSwitch(&old->context, &running->context);
  31:src/tcb.cpp   **** }
  32:src/tcb.cpp   **** 
  33:src/tcb.cpp   **** void TCB::setPartner(TCB *p1, TCB *p2) {
  34:src/tcb.cpp   ****     p1->sem = new SemKernel(0);
  35:src/tcb.cpp   ****     p2->sem = new SemKernel(0);
  36:src/tcb.cpp   ****     p1->partner = p2;
  37:src/tcb.cpp   ****     p2->partner = p1;
  38:src/tcb.cpp   **** }
  39:src/tcb.cpp   **** 
  40:src/tcb.cpp   **** void TCB::threadWrapper() {
  44              		.loc 1 40 27 is_stmt 1
  45              		.cfi_startproc
  46 0024 130101FE 		addi	sp,sp,-32
  47              		.cfi_def_cfa_offset 32
  48 0028 233C1100 		sd	ra,24(sp)
  49 002c 23388100 		sd	s0,16(sp)
  50 0030 23349100 		sd	s1,8(sp)
  51              		.cfi_offset 1, -8
  52              		.cfi_offset 8, -16
  53              		.cfi_offset 9, -24
  54 0034 13040102 		addi	s0,sp,32
  55              		.cfi_def_cfa 8, 0
  41:src/tcb.cpp   ****     Riscv::popSppSpie();
  56              		.loc 1 41 5
  57              		.loc 1 41 22 is_stmt 0
  58 0038 97000000 		call	_ZN5Riscv10popSppSpieEv@plt
  58      E7800000 
  59              	.LVL0:
  42:src/tcb.cpp   ****     running->body(running->getArgs());
  60              		.loc 1 42 5 is_stmt 1
  61              		.loc 1 42 14 is_stmt 0
  62 0040 97040000 		lla	s1,.LANCHOR0
  62      93840400 
  63 0048 83B70400 		ld	a5,0(s1)
  64 004c 03B78700 		ld	a4,8(a5)
  65              	.LVL1:
  66              	.LBB33:
  67              	.LBB34:
  68              		.file 2 "src/../h/tcb.hpp"
   1:src/../h/tcb.hpp **** //
   2:src/../h/tcb.hpp **** // Created by os on 6/8/26.
   3:src/../h/tcb.hpp **** //
   4:src/../h/tcb.hpp **** 
GAS LISTING /tmp/ccORtmMU.s 			page 3


   5:src/../h/tcb.hpp **** #ifndef PROJECT_BASE_V1_1_CCB_HPP
   6:src/../h/tcb.hpp **** #define PROJECT_BASE_V1_1_CCB_HPP
   7:src/../h/tcb.hpp **** #include "printing.hpp"
   8:src/../h/tcb.hpp **** #include "../lib/hw.h"
   9:src/../h/tcb.hpp **** #include "scheduler.hpp"
  10:src/../h/tcb.hpp **** #include "riscv.hpp"
  11:src/../h/tcb.hpp **** #include "semkernel.hpp"
  12:src/../h/tcb.hpp **** 
  13:src/../h/tcb.hpp **** 
  14:src/../h/tcb.hpp **** class TCB {
  15:src/../h/tcb.hpp **** public:
  16:src/../h/tcb.hpp ****     static int ID;
  17:src/../h/tcb.hpp ****     int id;
  18:src/../h/tcb.hpp **** 
  19:src/../h/tcb.hpp ****     bool isFinished() const {
  20:src/../h/tcb.hpp ****         return finished;
  21:src/../h/tcb.hpp ****     }
  22:src/../h/tcb.hpp ****     void setFinished(bool stat) {
  23:src/../h/tcb.hpp ****         this->finished = stat;
  24:src/../h/tcb.hpp ****     }
  25:src/../h/tcb.hpp **** 
  26:src/../h/tcb.hpp ****     void setBlocked(bool stat) {
  27:src/../h/tcb.hpp ****         this->blocked = stat;
  28:src/../h/tcb.hpp ****     }
  29:src/../h/tcb.hpp **** 
  30:src/../h/tcb.hpp ****     bool isBlocked() const {
  31:src/../h/tcb.hpp ****         return blocked;
  32:src/../h/tcb.hpp ****     }
  33:src/../h/tcb.hpp **** 
  34:src/../h/tcb.hpp ****     void setTerminated(bool stat) {
  35:src/../h/tcb.hpp ****         this->terminated = stat;
  36:src/../h/tcb.hpp ****     }
  37:src/../h/tcb.hpp **** 
  38:src/../h/tcb.hpp ****     void setSemStatus(int status) {
  39:src/../h/tcb.hpp ****         this->semStatus = status;
  40:src/../h/tcb.hpp ****     }
  41:src/../h/tcb.hpp **** 
  42:src/../h/tcb.hpp ****     bool getTerminated() const {
  43:src/../h/tcb.hpp ****         return terminated;
  44:src/../h/tcb.hpp ****     }
  45:src/../h/tcb.hpp **** 
  46:src/../h/tcb.hpp ****     int getSemStatus() const {
  47:src/../h/tcb.hpp ****         return semStatus;
  48:src/../h/tcb.hpp ****     }
  49:src/../h/tcb.hpp **** 
  50:src/../h/tcb.hpp ****     uint64 getTimeSlice() const {
  51:src/../h/tcb.hpp ****         return timeSlice;
  52:src/../h/tcb.hpp ****     }
  53:src/../h/tcb.hpp **** 
  54:src/../h/tcb.hpp ****     void setSleepTimeSlice(time_t p) {
  55:src/../h/tcb.hpp ****         this->sleepTimeSlice = p;
  56:src/../h/tcb.hpp ****     }
  57:src/../h/tcb.hpp **** 
  58:src/../h/tcb.hpp ****     void * getArgs() {
  59:src/../h/tcb.hpp ****         return args;
  69              		.loc 2 59 9 is_stmt 1
  70              	.LBE34:
GAS LISTING /tmp/ccORtmMU.s 			page 4


  71              	.LBE33:
  72              		.loc 1 42 18 is_stmt 0
  73 0050 03B58704 		ld	a0,72(a5)
  74 0054 E7000700 		jalr	a4
  75              	.LVL2:
  43:src/tcb.cpp   ****     running->setFinished(true);
  76              		.loc 1 43 5 is_stmt 1
  77              		.loc 1 43 25 is_stmt 0
  78 0058 83B70400 		ld	a5,0(s1)
  79              	.LVL3:
  80              	.LBB35:
  81              	.LBB36:
  23:src/../h/tcb.hpp ****     }
  82              		.loc 2 23 9 is_stmt 1
  23:src/../h/tcb.hpp ****     }
  83              		.loc 2 23 24 is_stmt 0
  84 005c 13071000 		li	a4,1
  85 0060 238CE702 		sb	a4,56(a5)
  86              	.LVL4:
  87              	.LBE36:
  88              	.LBE35:
  44:src/tcb.cpp   ****     TCB::yield();
  89              		.loc 1 44 5 is_stmt 1
  90              		.loc 1 44 15 is_stmt 0
  91 0064 97000000 		call	_ZN3TCB5yieldEv
  91      E7800000 
  92              	.LVL5:
  45:src/tcb.cpp   **** }
  93              		.loc 1 45 1
  94 006c 83308101 		ld	ra,24(sp)
  95              		.cfi_restore 1
  96 0070 03340101 		ld	s0,16(sp)
  97              		.cfi_restore 8
  98              		.cfi_def_cfa 2, 32
  99 0074 83348100 		ld	s1,8(sp)
 100              		.cfi_restore 9
 101 0078 13010102 		addi	sp,sp,32
 102              		.cfi_def_cfa_offset 0
 103 007c 67800000 		jr	ra
 104              		.cfi_endproc
 105              	.LFE59:
 107              		.align	2
 108              		.globl	_ZN3TCB8dispatchEv
 110              	_ZN3TCB8dispatchEv:
 111              	.LFB57:
  19:src/tcb.cpp   ****     TCB* old = TCB::running;
 112              		.loc 1 19 22 is_stmt 1
 113              		.cfi_startproc
 114 0080 130101FE 		addi	sp,sp,-32
 115              		.cfi_def_cfa_offset 32
 116 0084 233C1100 		sd	ra,24(sp)
 117 0088 23388100 		sd	s0,16(sp)
 118 008c 23349100 		sd	s1,8(sp)
 119 0090 23302101 		sd	s2,0(sp)
 120              		.cfi_offset 1, -8
 121              		.cfi_offset 8, -16
 122              		.cfi_offset 9, -24
GAS LISTING /tmp/ccORtmMU.s 			page 5


 123              		.cfi_offset 18, -32
 124 0094 13040102 		addi	s0,sp,32
 125              		.cfi_def_cfa 8, 0
  20:src/tcb.cpp   ****     TCB* next = Scheduler::get();
 126              		.loc 1 20 5
  20:src/tcb.cpp   ****     TCB* next = Scheduler::get();
 127              		.loc 1 20 10 is_stmt 0
 128 0098 17090000 		ld	s2,.LANCHOR0
 128      03390900 
 129              	.LVL6:
  21:src/tcb.cpp   ****     if (next == nullptr) {
 130              		.loc 1 21 5 is_stmt 1
  21:src/tcb.cpp   ****     if (next == nullptr) {
 131              		.loc 1 21 31 is_stmt 0
 132 00a0 97000000 		call	_ZN9Scheduler3getEv@plt
 132      E7800000 
 133              	.LVL7:
  22:src/tcb.cpp   ****         return;
 134              		.loc 1 22 5 is_stmt 1
 135 00a8 630E0502 		beqz	a0,.L5
 136 00ac 93040500 		mv	s1,a0
  25:src/tcb.cpp   ****         Scheduler::put(old);
 137              		.loc 1 25 5
 138              	.LVL8:
 139              	.LBB37:
 140              	.LBB38:
  20:src/../h/tcb.hpp ****     }
 141              		.loc 2 20 9
  20:src/../h/tcb.hpp ****     }
 142              		.loc 2 20 16 is_stmt 0
 143 00b0 83478903 		lbu	a5,56(s2)
 144 00b4 93F7F70F 		andi	a5,a5,0xff
 145              	.LVL9:
 146              	.LBE38:
 147              	.LBE37:
  25:src/tcb.cpp   ****         Scheduler::put(old);
 148              		.loc 1 25 28
 149 00b8 63960700 		bnez	a5,.L7
 150              	.LVL10:
 151              	.LBB39:
 152              	.LBB40:
  31:src/../h/tcb.hpp ****     }
 153              		.loc 2 31 9 is_stmt 1
  31:src/../h/tcb.hpp ****     }
 154              		.loc 2 31 16 is_stmt 0
 155 00bc 83479903 		lbu	a5,57(s2)
 156              	.LVL11:
 157              	.LBE40:
 158              	.LBE39:
  25:src/tcb.cpp   ****         Scheduler::put(old);
 159              		.loc 1 25 28
 160 00c0 638E0702 		beqz	a5,.L9
 161              	.LVL12:
 162              	.L7:
  28:src/tcb.cpp   ****     Riscv::mc_sstatus(Riscv::SSTATUS_SPP);
 163              		.loc 1 28 5 is_stmt 1
  28:src/tcb.cpp   ****     Riscv::mc_sstatus(Riscv::SSTATUS_SPP);
GAS LISTING /tmp/ccORtmMU.s 			page 6


 164              		.loc 1 28 18 is_stmt 0
 165 00c4 97070000 		sd	s1,.LANCHOR0,a5
 165      23B09700 
  29:src/tcb.cpp   ****     TCB::contextSwitch(&old->context, &running->context);
 166              		.loc 1 29 5 is_stmt 1
 167              	.LVL13:
 168              	.LBB41:
 169              	.LBB42:
 170              		.file 3 "src/../h/riscv.hpp"
   1:src/../h/riscv.hpp **** //
   2:src/../h/riscv.hpp **** // Created by marko on 20.4.22.
   3:src/../h/riscv.hpp **** //
   4:src/../h/riscv.hpp **** 
   5:src/../h/riscv.hpp **** #ifndef OS1_RISCV_CONTEXT_SWITCH_SYNCHORNOUS_RISCV_HPP
   6:src/../h/riscv.hpp **** #define OS1_RISCV_CONTEXT_SWITCH_SYNCHORNOUS_RISCV_HPP
   7:src/../h/riscv.hpp **** 
   8:src/../h/riscv.hpp **** #include "../h/tcb.hpp"
   9:src/../h/riscv.hpp **** #include "../h/memory_allocator.hpp"
  10:src/../h/riscv.hpp **** #include "../lib/hw.h"
  11:src/../h/riscv.hpp **** #include "syscall_abi.h"
  12:src/../h/riscv.hpp **** #include "../h/consoleKernel.hpp"
  13:src/../h/riscv.hpp **** #include "../h/console.hpp"
  14:src/../h/riscv.hpp **** 
  15:src/../h/riscv.hpp **** class Riscv
  16:src/../h/riscv.hpp **** {
  17:src/../h/riscv.hpp **** public:
  18:src/../h/riscv.hpp ****     static void popSppSpie();
  19:src/../h/riscv.hpp ****     static void handleSupervisorTrap();
  20:src/../h/riscv.hpp ****     static void supervisorTrap();
  21:src/../h/riscv.hpp ****     static void pushRegisters();
  22:src/../h/riscv.hpp ****     static void popRegisters();
  23:src/../h/riscv.hpp **** 
  24:src/../h/riscv.hpp ****     // read register scause
  25:src/../h/riscv.hpp ****     static uint64 r_scause();
  26:src/../h/riscv.hpp **** 
  27:src/../h/riscv.hpp ****     // write register scause
  28:src/../h/riscv.hpp ****     static void w_scause(uint64 scause);
  29:src/../h/riscv.hpp **** 
  30:src/../h/riscv.hpp ****     // read register sepc
  31:src/../h/riscv.hpp ****     static uint64 r_sepc();
  32:src/../h/riscv.hpp **** 
  33:src/../h/riscv.hpp ****     // write register sepc
  34:src/../h/riscv.hpp ****     static void w_sepc(uint64 sepc);
  35:src/../h/riscv.hpp **** 
  36:src/../h/riscv.hpp ****     // read register stvec
  37:src/../h/riscv.hpp ****     static uint64 r_stvec();
  38:src/../h/riscv.hpp **** 
  39:src/../h/riscv.hpp ****     // write register stvec
  40:src/../h/riscv.hpp ****     static void w_stvec(uint64 stvec);
  41:src/../h/riscv.hpp **** 
  42:src/../h/riscv.hpp ****     // read register stval
  43:src/../h/riscv.hpp ****     static uint64 r_stval();
  44:src/../h/riscv.hpp **** 
  45:src/../h/riscv.hpp ****     // write register stvalhandleSupervisorTrap()
  46:src/../h/riscv.hpp ****     static void w_stval(uint64 stval);
  47:src/../h/riscv.hpp **** 
  48:src/../h/riscv.hpp ****     // read register a0 (System Call Code - call)
GAS LISTING /tmp/ccORtmMU.s 			page 7


  49:src/../h/riscv.hpp ****     static uint64 r_a0();
  50:src/../h/riscv.hpp **** 
  51:src/../h/riscv.hpp ****     static uint64 r_a1();
  52:src/../h/riscv.hpp **** 
  53:src/../h/riscv.hpp ****     static uint64 r_a2();
  54:src/../h/riscv.hpp **** 
  55:src/../h/riscv.hpp ****     static uint64 r_a3();
  56:src/../h/riscv.hpp **** 
  57:src/../h/riscv.hpp **** 
  58:src/../h/riscv.hpp **** 
  59:src/../h/riscv.hpp ****     static void w_a0(uint64 val);
  60:src/../h/riscv.hpp **** 
  61:src/../h/riscv.hpp ****     static void w_a1(uint64 val);
  62:src/../h/riscv.hpp **** 
  63:src/../h/riscv.hpp ****     static void w_a2(uint64 val);
  64:src/../h/riscv.hpp **** 
  65:src/../h/riscv.hpp ****     static void w_a3(uint64 val);
  66:src/../h/riscv.hpp **** 
  67:src/../h/riscv.hpp ****     enum BitMaskSip
  68:src/../h/riscv.hpp ****     {
  69:src/../h/riscv.hpp ****         SIP_SSIP = (1 << 1),
  70:src/../h/riscv.hpp ****         SIP_STIP = (1 << 5),
  71:src/../h/riscv.hpp ****         SIP_SEIP = (1 << 9),
  72:src/../h/riscv.hpp ****     };
  73:src/../h/riscv.hpp **** 
  74:src/../h/riscv.hpp **** // mask set register sip
  75:src/../h/riscv.hpp ****     static void mc_sip(uint64 mask);
  76:src/../h/riscv.hpp **** 
  77:src/../h/riscv.hpp ****     // read register sip
  78:src/../h/riscv.hpp ****     static uint64 r_sip();
  79:src/../h/riscv.hpp **** 
  80:src/../h/riscv.hpp ****     // write register sip
  81:src/../h/riscv.hpp ****     static void w_sip(uint64 sip);
  82:src/../h/riscv.hpp **** 
  83:src/../h/riscv.hpp ****     enum BitMaskSstatus
  84:src/../h/riscv.hpp ****     {
  85:src/../h/riscv.hpp ****         SSTATUS_SIE  = (1 << 1),
  86:src/../h/riscv.hpp ****         SSTATUS_SPIE = (1 << 5),
  87:src/../h/riscv.hpp ****         SSTATUS_SPP  = (1 << 8),
  88:src/../h/riscv.hpp ****     };
  89:src/../h/riscv.hpp **** 
  90:src/../h/riscv.hpp ****     // mask set register sstatus
  91:src/../h/riscv.hpp ****     static void ms_sstatus(uint64 mask);
  92:src/../h/riscv.hpp **** 
  93:src/../h/riscv.hpp ****     // mask clear register sstatus
  94:src/../h/riscv.hpp ****     static void mc_sstatus(uint64 mask);
  95:src/../h/riscv.hpp **** 
  96:src/../h/riscv.hpp ****     // read register sstatus
  97:src/../h/riscv.hpp ****     static uint64 r_sstatus();
  98:src/../h/riscv.hpp **** 
  99:src/../h/riscv.hpp ****     // write register sstatus
 100:src/../h/riscv.hpp ****     static void w_sstatus(uint64 sstatus);
 101:src/../h/riscv.hpp **** 
 102:src/../h/riscv.hpp **** private:
 103:src/../h/riscv.hpp **** 
 104:src/../h/riscv.hpp **** };
 105:src/../h/riscv.hpp **** 
GAS LISTING /tmp/ccORtmMU.s 			page 8


 106:src/../h/riscv.hpp **** 
 107:src/../h/riscv.hpp **** ////////////////////////////////////////////////////
 108:src/../h/riscv.hpp **** 
 109:src/../h/riscv.hpp **** 
 110:src/../h/riscv.hpp **** inline uint64 Riscv::r_a0() {
 111:src/../h/riscv.hpp ****     uint64 volatile a0;
 112:src/../h/riscv.hpp ****     asm volatile("mv %0, a0" : "=r"(a0));
 113:src/../h/riscv.hpp ****     return a0;
 114:src/../h/riscv.hpp **** }
 115:src/../h/riscv.hpp **** 
 116:src/../h/riscv.hpp **** inline uint64 Riscv::r_a1() {
 117:src/../h/riscv.hpp ****     uint64 volatile a1;
 118:src/../h/riscv.hpp ****     asm volatile("mv %0, a1" : "=r"(a1));
 119:src/../h/riscv.hpp ****     return a1;
 120:src/../h/riscv.hpp **** }
 121:src/../h/riscv.hpp **** 
 122:src/../h/riscv.hpp **** inline uint64 Riscv::r_a2() {
 123:src/../h/riscv.hpp ****     uint64 volatile a2;
 124:src/../h/riscv.hpp ****     asm volatile("mv %0, a2" : "=r"(a2));
 125:src/../h/riscv.hpp ****     return a2;
 126:src/../h/riscv.hpp **** }
 127:src/../h/riscv.hpp **** 
 128:src/../h/riscv.hpp **** inline uint64 Riscv::r_a3() {
 129:src/../h/riscv.hpp ****     uint64 volatile a3;
 130:src/../h/riscv.hpp ****     asm volatile("mv %0, a3" : "=r"(a3));
 131:src/../h/riscv.hpp ****     return a3;
 132:src/../h/riscv.hpp **** }
 133:src/../h/riscv.hpp **** 
 134:src/../h/riscv.hpp **** inline void Riscv::w_a0(uint64 val) {
 135:src/../h/riscv.hpp ****     asm volatile ("mv a0, %0" :: "r"(val));
 136:src/../h/riscv.hpp **** }
 137:src/../h/riscv.hpp **** 
 138:src/../h/riscv.hpp **** inline void Riscv::w_a1(uint64 val) {
 139:src/../h/riscv.hpp ****     asm volatile ("mv a1, %0" :: "r"(val));
 140:src/../h/riscv.hpp **** }
 141:src/../h/riscv.hpp **** 
 142:src/../h/riscv.hpp **** inline void Riscv::w_a2(uint64 val) {
 143:src/../h/riscv.hpp ****     asm volatile ("mv a2, %0" :: "r"(val));
 144:src/../h/riscv.hpp **** }
 145:src/../h/riscv.hpp **** 
 146:src/../h/riscv.hpp **** inline void Riscv::w_a3(uint64 val) {
 147:src/../h/riscv.hpp ****     asm volatile ("mv a3, %0" :: "r"(val));
 148:src/../h/riscv.hpp **** }
 149:src/../h/riscv.hpp **** 
 150:src/../h/riscv.hpp **** inline uint64 Riscv::r_scause()
 151:src/../h/riscv.hpp **** {
 152:src/../h/riscv.hpp ****     uint64 volatile scause;
 153:src/../h/riscv.hpp ****     __asm__ volatile ("csrr %[scause], scause"
 154:src/../h/riscv.hpp ****     : [scause] "=r"(scause));
 155:src/../h/riscv.hpp ****     return scause;
 156:src/../h/riscv.hpp **** }
 157:src/../h/riscv.hpp **** 
 158:src/../h/riscv.hpp **** inline void Riscv::w_scause(uint64 scause)
 159:src/../h/riscv.hpp **** {
 160:src/../h/riscv.hpp ****     __asm__ volatile ("csrw scause, %[scause]"
 161:src/../h/riscv.hpp ****     :
 162:src/../h/riscv.hpp ****     : [scause] "r"(scause));
GAS LISTING /tmp/ccORtmMU.s 			page 9


 163:src/../h/riscv.hpp **** }
 164:src/../h/riscv.hpp **** inline uint64 Riscv::r_sepc()
 165:src/../h/riscv.hpp **** {
 166:src/../h/riscv.hpp ****     uint64 volatile sepc;
 167:src/../h/riscv.hpp ****     __asm__ volatile("csrr %0, sepc" : "=r"(sepc));
 168:src/../h/riscv.hpp ****     return sepc;
 169:src/../h/riscv.hpp **** }
 170:src/../h/riscv.hpp **** 
 171:src/../h/riscv.hpp **** inline void Riscv::w_sepc(uint64 sepc)
 172:src/../h/riscv.hpp **** {
 173:src/../h/riscv.hpp ****     __asm__ volatile("csrw sepc, %0" :: "r"(sepc));
 174:src/../h/riscv.hpp **** }
 175:src/../h/riscv.hpp **** 
 176:src/../h/riscv.hpp **** inline uint64 Riscv::r_stvec()
 177:src/../h/riscv.hpp **** {
 178:src/../h/riscv.hpp ****     uint64 volatile stvec;
 179:src/../h/riscv.hpp ****     __asm__ volatile("csrr %0, stvec" : "=r"(stvec));
 180:src/../h/riscv.hpp ****     return stvec;
 181:src/../h/riscv.hpp **** }
 182:src/../h/riscv.hpp **** 
 183:src/../h/riscv.hpp **** inline void Riscv::w_stvec(uint64 stvec)
 184:src/../h/riscv.hpp **** {
 185:src/../h/riscv.hpp ****     __asm__ volatile("csrw stvec, %0" :: "r"(stvec));
 186:src/../h/riscv.hpp **** }
 187:src/../h/riscv.hpp **** 
 188:src/../h/riscv.hpp **** inline uint64 Riscv::r_stval()
 189:src/../h/riscv.hpp **** {
 190:src/../h/riscv.hpp ****     uint64 volatile stval;
 191:src/../h/riscv.hpp ****     __asm__ volatile("csrr %0, stval" : "=r"(stval));
 192:src/../h/riscv.hpp ****     return stval;
 193:src/../h/riscv.hpp **** }
 194:src/../h/riscv.hpp **** 
 195:src/../h/riscv.hpp **** inline void Riscv::w_stval(uint64 stval)
 196:src/../h/riscv.hpp **** {
 197:src/../h/riscv.hpp ****     __asm__ volatile("csrw stval, %0" :: "r"(stval));
 198:src/../h/riscv.hpp **** }
 199:src/../h/riscv.hpp **** 
 200:src/../h/riscv.hpp **** inline void Riscv::mc_sip(uint64 mask)
 201:src/../h/riscv.hpp **** {
 202:src/../h/riscv.hpp ****     __asm__ volatile("csrc sip, %0" :: "r"(mask));
 203:src/../h/riscv.hpp **** }
 204:src/../h/riscv.hpp **** 
 205:src/../h/riscv.hpp **** inline uint64 Riscv::r_sip()
 206:src/../h/riscv.hpp **** {
 207:src/../h/riscv.hpp ****     uint64 volatile sip;
 208:src/../h/riscv.hpp ****     __asm__ volatile("csrr %0, sip" : "=r"(sip));
 209:src/../h/riscv.hpp ****     return sip;
 210:src/../h/riscv.hpp **** }
 211:src/../h/riscv.hpp **** 
 212:src/../h/riscv.hpp **** inline void Riscv::w_sip(uint64 sip)
 213:src/../h/riscv.hpp **** {
 214:src/../h/riscv.hpp ****     __asm__ volatile("csrw sip, %0" :: "r"(sip));
 215:src/../h/riscv.hpp **** }
 216:src/../h/riscv.hpp **** 
 217:src/../h/riscv.hpp **** inline void Riscv::ms_sstatus(uint64 mask)
 218:src/../h/riscv.hpp **** {
 219:src/../h/riscv.hpp ****     __asm__ volatile("csrs sstatus, %0" :: "r"(mask));
GAS LISTING /tmp/ccORtmMU.s 			page 10


 220:src/../h/riscv.hpp **** }
 221:src/../h/riscv.hpp **** 
 222:src/../h/riscv.hpp **** inline void Riscv::mc_sstatus(uint64 mask)
 223:src/../h/riscv.hpp **** {
 224:src/../h/riscv.hpp ****     __asm__ volatile("csrc sstatus, %0" :: "r"(mask));
 171              		.loc 3 224 5
 172              		.loc 3 224 54 is_stmt 0
 173 00cc 93070010 		li	a5,256
 174              	#APP
 175              	# 224 "src/../h/riscv.hpp" 1
 225              	}
 176              		csrc sstatus, a5
 177              	# 0 "" 2
 178              	.LVL14:
 179              	#NO_APP
 180              	.LBE42:
 181              	.LBE41:
  30:src/tcb.cpp   **** }
 182              		.loc 1 30 5 is_stmt 1
  30:src/tcb.cpp   **** }
 183              		.loc 1 30 23 is_stmt 0
 184 00d4 93858401 		addi	a1,s1,24
 185 00d8 13058901 		addi	a0,s2,24
 186 00dc 97000000 		call	_ZN3TCB13contextSwitchEPNS_7ContextES1_@plt
 186      E7800000 
 187              	.LVL15:
 188              	.L5:
  31:src/tcb.cpp   **** 
 189              		.loc 1 31 1
 190 00e4 83308101 		ld	ra,24(sp)
 191              		.cfi_remember_state
 192              		.cfi_restore 1
 193 00e8 03340101 		ld	s0,16(sp)
 194              		.cfi_restore 8
 195              		.cfi_def_cfa 2, 32
 196 00ec 83348100 		ld	s1,8(sp)
 197              		.cfi_restore 9
 198 00f0 03390100 		ld	s2,0(sp)
 199              		.cfi_restore 18
 200              	.LVL16:
 201 00f4 13010102 		addi	sp,sp,32
 202              		.cfi_def_cfa_offset 0
 203 00f8 67800000 		jr	ra
 204              	.LVL17:
 205              	.L9:
 206              		.cfi_restore_state
  26:src/tcb.cpp   ****     }
 207              		.loc 1 26 9 is_stmt 1
  26:src/tcb.cpp   ****     }
 208              		.loc 1 26 23 is_stmt 0
 209 00fc 13050900 		mv	a0,s2
 210 0100 97000000 		call	_ZN9Scheduler3putEP3TCB@plt
 210      E7800000 
 211              	.LVL18:
 212 0108 6FF0DFFB 		j	.L7
 213              		.cfi_endproc
 214              	.LFE57:
GAS LISTING /tmp/ccORtmMU.s 			page 11


 216              		.align	2
 217              		.globl	_ZN3TCB10setPartnerEPS_S0_
 219              	_ZN3TCB10setPartnerEPS_S0_:
 220              	.LFB58:
  33:src/tcb.cpp   ****     p1->sem = new SemKernel(0);
 221              		.loc 1 33 40 is_stmt 1
 222              		.cfi_startproc
 223              		.cfi_personality 0x9b,DW.ref.__gxx_personality_v0
 224              		.cfi_lsda 0x1b,.LLSDA58
 225              	.LVL19:
 226 010c 130101FD 		addi	sp,sp,-48
 227              		.cfi_def_cfa_offset 48
 228 0110 23341102 		sd	ra,40(sp)
 229 0114 23308102 		sd	s0,32(sp)
 230 0118 233C9100 		sd	s1,24(sp)
 231 011c 23382101 		sd	s2,16(sp)
 232 0120 23343101 		sd	s3,8(sp)
 233              		.cfi_offset 1, -8
 234              		.cfi_offset 8, -16
 235              		.cfi_offset 9, -24
 236              		.cfi_offset 18, -32
 237              		.cfi_offset 19, -40
 238 0124 13040103 		addi	s0,sp,48
 239              		.cfi_def_cfa 8, 0
 240 0128 13090500 		mv	s2,a0
 241 012c 93840500 		mv	s1,a1
  34:src/tcb.cpp   ****     p2->sem = new SemKernel(0);
 242              		.loc 1 34 5
  34:src/tcb.cpp   ****     p2->sem = new SemKernel(0);
 243              		.loc 1 34 30 is_stmt 0
 244 0130 13058001 		li	a0,24
 245              	.LVL20:
 246              	.LEHB0:
 247 0134 97000000 		call	_Znwm@plt
 247      E7800000 
 248              	.LVL21:
 249              	.LEHE0:
 250 013c 93090500 		mv	s3,a0
 251 0140 93050000 		li	a1,0
 252              	.LEHB1:
 253 0144 97000000 		call	_ZN9SemKernelC1Ei@plt
 253      E7800000 
 254              	.LVL22:
 255              	.LEHE1:
  34:src/tcb.cpp   ****     p2->sem = new SemKernel(0);
 256              		.loc 1 34 13 discriminator 2
 257 014c 233C3905 		sd	s3,88(s2)
  35:src/tcb.cpp   ****     p1->partner = p2;
 258              		.loc 1 35 5 is_stmt 1 discriminator 2
  35:src/tcb.cpp   ****     p1->partner = p2;
 259              		.loc 1 35 30 is_stmt 0 discriminator 2
 260 0150 13058001 		li	a0,24
 261              	.LEHB2:
 262 0154 97000000 		call	_Znwm@plt
 262      E7800000 
 263              	.LVL23:
 264              	.LEHE2:
GAS LISTING /tmp/ccORtmMU.s 			page 12


 265 015c 93090500 		mv	s3,a0
 266 0160 93050000 		li	a1,0
 267              	.LEHB3:
 268 0164 97000000 		call	_ZN9SemKernelC1Ei@plt
 268      E7800000 
 269              	.LVL24:
 270              	.LEHE3:
  35:src/tcb.cpp   ****     p1->partner = p2;
 271              		.loc 1 35 13 discriminator 2
 272 016c 23BC3405 		sd	s3,88(s1)
  36:src/tcb.cpp   ****     p2->partner = p1;
 273              		.loc 1 36 5 is_stmt 1 discriminator 2
  36:src/tcb.cpp   ****     p2->partner = p1;
 274              		.loc 1 36 17 is_stmt 0 discriminator 2
 275 0170 23389904 		sd	s1,80(s2)
  37:src/tcb.cpp   **** }
 276              		.loc 1 37 5 is_stmt 1 discriminator 2
  37:src/tcb.cpp   **** }
 277              		.loc 1 37 17 is_stmt 0 discriminator 2
 278 0174 23B82405 		sd	s2,80(s1)
  38:src/tcb.cpp   **** 
 279              		.loc 1 38 1 discriminator 2
 280 0178 83308102 		ld	ra,40(sp)
 281              		.cfi_remember_state
 282              		.cfi_restore 1
 283 017c 03340102 		ld	s0,32(sp)
 284              		.cfi_restore 8
 285              		.cfi_def_cfa 2, 48
 286 0180 83348101 		ld	s1,24(sp)
 287              		.cfi_restore 9
 288              	.LVL25:
 289 0184 03390101 		ld	s2,16(sp)
 290              		.cfi_restore 18
 291              	.LVL26:
 292 0188 83398100 		ld	s3,8(sp)
 293              		.cfi_restore 19
 294 018c 13010103 		addi	sp,sp,48
 295              		.cfi_def_cfa_offset 0
 296 0190 67800000 		jr	ra
 297              	.LVL27:
 298              	.L13:
 299              		.cfi_restore_state
 300 0194 93040500 		mv	s1,a0
 301              	.LVL28:
  34:src/tcb.cpp   ****     p2->sem = new SemKernel(0);
 302              		.loc 1 34 30
 303 0198 13850900 		mv	a0,s3
 304 019c 97000000 		call	_ZdlPv@plt
 304      E7800000 
 305              	.LVL29:
 306 01a4 13850400 		mv	a0,s1
 307              	.LEHB4:
 308 01a8 97000000 		call	_Unwind_Resume@plt
 308      E7800000 
 309              	.LVL30:
 310              	.L14:
 311 01b0 93040500 		mv	s1,a0
GAS LISTING /tmp/ccORtmMU.s 			page 13


 312              	.LVL31:
  35:src/tcb.cpp   ****     p1->partner = p2;
 313              		.loc 1 35 30
 314 01b4 13850900 		mv	a0,s3
 315 01b8 97000000 		call	_ZdlPv@plt
 315      E7800000 
 316              	.LVL32:
 317 01c0 13850400 		mv	a0,s1
 318 01c4 97000000 		call	_Unwind_Resume@plt
 318      E7800000 
 319              	.LVL33:
 320              	.LEHE4:
 321              		.cfi_endproc
 322              	.LFE58:
 323              		.globl	__gxx_personality_v0
 324              		.section	.gcc_except_table,"a",@progbits
 325              	.LLSDA58:
 326 0000 FF       		.byte	0xff
 327 0001 FF       		.byte	0xff
 328 0002 03       		.byte	0x3
 329 0003 41       		.byte	0x41
 330 0004 00000000 		.4byte	.LEHB0-.LFB58
 331 0008 00000000 		.4byte	.LEHE0-.LEHB0
 332 000c 00000000 		.4byte	0
 333 0010 00       		.byte	0
 334 0011 00000000 		.4byte	.LEHB1-.LFB58
 335 0015 00000000 		.4byte	.LEHE1-.LEHB1
 336 0019 00000000 		.4byte	.L13-.LFB58
 337 001d 00       		.byte	0
 338 001e 00000000 		.4byte	.LEHB2-.LFB58
 339 0022 00000000 		.4byte	.LEHE2-.LEHB2
 340 0026 00000000 		.4byte	0
 341 002a 00       		.byte	0
 342 002b 00000000 		.4byte	.LEHB3-.LFB58
 343 002f 00000000 		.4byte	.LEHE3-.LEHB3
 344 0033 00000000 		.4byte	.L14-.LFB58
 345 0037 00       		.byte	0
 346 0038 00000000 		.4byte	.LEHB4-.LFB58
 347 003c 00000000 		.4byte	.LEHE4-.LEHB4
 348 0040 00000000 		.4byte	0
 349 0044 00       		.byte	0
 350              		.text
 352              		.align	2
 353              		.globl	_ZN3TCB12createThreadEPFvPvES0_
 355              	_ZN3TCB12createThreadEPFvPvES0_:
 356              	.LFB60:
  46:src/tcb.cpp   **** 
  47:src/tcb.cpp   **** TCB* TCB::createThread(TCB::Body body,void * args) {
 357              		.loc 1 47 52 is_stmt 1
 358              		.cfi_startproc
 359              		.cfi_personality 0x9b,DW.ref.__gxx_personality_v0
 360              		.cfi_lsda 0x1b,.LLSDA60
 361              	.LVL34:
 362 01cc 130101FD 		addi	sp,sp,-48
 363              		.cfi_def_cfa_offset 48
 364 01d0 23341102 		sd	ra,40(sp)
 365 01d4 23308102 		sd	s0,32(sp)
GAS LISTING /tmp/ccORtmMU.s 			page 14


 366 01d8 233C9100 		sd	s1,24(sp)
 367 01dc 23382101 		sd	s2,16(sp)
 368 01e0 23343101 		sd	s3,8(sp)
 369              		.cfi_offset 1, -8
 370              		.cfi_offset 8, -16
 371              		.cfi_offset 9, -24
 372              		.cfi_offset 18, -32
 373              		.cfi_offset 19, -40
 374 01e4 13040103 		addi	s0,sp,48
 375              		.cfi_def_cfa 8, 0
 376 01e8 13090500 		mv	s2,a0
 377 01ec 93890500 		mv	s3,a1
  48:src/tcb.cpp   ****     return new TCB(body,args,TIME_SLICE);
 378              		.loc 1 48 5
 379              		.loc 1 48 40 is_stmt 0
 380 01f0 13050006 		li	a0,96
 381              	.LVL35:
 382              	.LEHB5:
 383 01f4 97000000 		call	_Znwm@plt
 383      E7800000 
 384              	.LVL36:
 385              	.LEHE5:
 386 01fc 93040500 		mv	s1,a0
 387              	.LVL37:
 388              	.LBB46:
 389              	.LBB47:
  60:src/../h/tcb.hpp ****     }
  61:src/../h/tcb.hpp **** 
  62:src/../h/tcb.hpp ****     TCB* getPartner() {
  63:src/../h/tcb.hpp ****         return partner;
  64:src/../h/tcb.hpp ****     }
  65:src/../h/tcb.hpp ****     SemKernel * getSem() {
  66:src/../h/tcb.hpp ****         return sem;
  67:src/../h/tcb.hpp ****     };
  68:src/../h/tcb.hpp ****     static void yield();
  69:src/../h/tcb.hpp **** 
  70:src/../h/tcb.hpp ****     using Body = void(*)(void *);
  71:src/../h/tcb.hpp ****     static TCB *createThread(Body body, void* args);
  72:src/../h/tcb.hpp ****     static TCB* running;
  73:src/../h/tcb.hpp ****     ~TCB() {delete[] stack;}
  74:src/../h/tcb.hpp ****     static uint64 timeSliceCounter;
  75:src/../h/tcb.hpp ****     static void dispatch();
  76:src/../h/tcb.hpp ****     static void time_sleep(uint64 timeout);
  77:src/../h/tcb.hpp ****     static void update_sleeping_threads();
  78:src/../h/tcb.hpp ****     static void setPartner(TCB* p1, TCB* p2);
  79:src/../h/tcb.hpp **** private :
  80:src/../h/tcb.hpp ****     struct Context {
  81:src/../h/tcb.hpp ****         uint64 ra;
  82:src/../h/tcb.hpp ****         uint64 sp;
  83:src/../h/tcb.hpp ****     };
  84:src/../h/tcb.hpp **** 
  85:src/../h/tcb.hpp ****     Body body;
  86:src/../h/tcb.hpp ****     uint64 *stack;
  87:src/../h/tcb.hpp ****     Context context;
  88:src/../h/tcb.hpp ****     uint64 timeSlice;
  89:src/../h/tcb.hpp ****     uint64 sleepTimeSlice;
  90:src/../h/tcb.hpp ****     volatile bool finished;
GAS LISTING /tmp/ccORtmMU.s 			page 15


  91:src/../h/tcb.hpp ****     bool blocked;
  92:src/../h/tcb.hpp ****     bool terminated;
  93:src/../h/tcb.hpp ****     int semStatus;
  94:src/../h/tcb.hpp ****     int reqsem_n;
  95:src/../h/tcb.hpp ****     void * args;
  96:src/../h/tcb.hpp ****     TCB* partner;
  97:src/../h/tcb.hpp ****     SemKernel * sem;
  98:src/../h/tcb.hpp **** 
  99:src/../h/tcb.hpp ****     friend class Riscv;
 100:src/../h/tcb.hpp ****     friend class SemKernel;
 101:src/../h/tcb.hpp **** 
 102:src/../h/tcb.hpp **** 
 103:src/../h/tcb.hpp **** 
 104:src/../h/tcb.hpp **** 
 105:src/../h/tcb.hpp ****     static void threadWrapper();
 106:src/../h/tcb.hpp **** 
 107:src/../h/tcb.hpp ****     static void contextSwitch(Context *oldContext, Context*runningContext);
 108:src/../h/tcb.hpp **** 
 109:src/../h/tcb.hpp **** 
 110:src/../h/tcb.hpp ****     static uint64 constexpr STACK_SIZE = 8192;
 111:src/../h/tcb.hpp ****     static uint64 constexpr TIME_SLICE = 2;
 112:src/../h/tcb.hpp **** 
 113:src/../h/tcb.hpp ****     TCB(Body body, void* args, uint64 timeSlice) : body(body),
 114:src/../h/tcb.hpp ****     stack(body != nullptr ? new uint64[STACK_SIZE] : nullptr),
 115:src/../h/tcb.hpp ****     context({
 116:src/../h/tcb.hpp ****         (uint64)&threadWrapper,
 117:src/../h/tcb.hpp ****         (uint64)(stack != nullptr ? ( (uint64)(&stack[STACK_SIZE]) & ~0xFULL ) : 0)
 118:src/../h/tcb.hpp ****     }),
 119:src/../h/tcb.hpp ****     timeSlice(timeSlice), sleepTimeSlice(0), finished(false), blocked(false),
 120:src/../h/tcb.hpp ****     terminated(false), semStatus(0), reqsem_n(0), args(args), partner(nullptr), sem(nullptr)
 390              		.loc 2 120 92
 391 0200 23342501 		sd	s2,8(a0)
 114:src/../h/tcb.hpp ****     context({
 392              		.loc 2 114 27
 393 0204 630A0900 		beqz	s2,.L22
 114:src/../h/tcb.hpp ****     context({
 394              		.loc 2 114 50
 395 0208 37050100 		li	a0,65536
 396              	.LEHB6:
 397 020c 97000000 		call	_Znam@plt
 397      E7800000 
 398              	.LVL38:
 399 0214 6F008000 		j	.L18
 400              	.L22:
 114:src/../h/tcb.hpp ****     context({
 401              		.loc 2 114 27
 402 0218 13050000 		li	a0,0
 403              	.L18:
 404              		.loc 2 120 92
 405 021c 23B8A400 		sd	a0,16(s1)
 406 0220 97070000 		lla	a5,_ZN3TCB13threadWrapperEv
 406      93870700 
 407 0228 23BCF400 		sd	a5,24(s1)
 117:src/../h/tcb.hpp ****     }),
 408              		.loc 2 117 9
 409 022c 63060506 		beqz	a0,.L23
 117:src/../h/tcb.hpp ****     }),
GAS LISTING /tmp/ccORtmMU.s 			page 16


 410              		.loc 2 117 48
 411 0230 B7070100 		li	a5,65536
 412 0234 B307F500 		add	a5,a0,a5
 117:src/../h/tcb.hpp ****     }),
 413              		.loc 2 117 9
 414 0238 93F707FF 		andi	a5,a5,-16
 415              	.L19:
 416              		.loc 2 120 92
 417 023c 23B0F402 		sd	a5,32(s1)
 418 0240 93072000 		li	a5,2
 419 0244 23B4F402 		sd	a5,40(s1)
 420 0248 23B80402 		sd	zero,48(s1)
 421 024c 238C0402 		sb	zero,56(s1)
 422 0250 A38C0402 		sb	zero,57(s1)
 423 0254 238D0402 		sb	zero,58(s1)
 424 0258 23AE0402 		sw	zero,60(s1)
 425 025c 23A00404 		sw	zero,64(s1)
 426 0260 23B43405 		sd	s3,72(s1)
 427 0264 23B80404 		sd	zero,80(s1)
 428 0268 23BC0404 		sd	zero,88(s1)
 121:src/../h/tcb.hpp ****     {
 122:src/../h/tcb.hpp ****         this->id = ID++;
 429              		.loc 2 122 9 is_stmt 1
 430              		.loc 2 122 22 is_stmt 0
 431 026c 17070000 		lla	a4,.LANCHOR0
 431      13070700 
 432 0274 83278700 		lw	a5,8(a4)
 433 0278 9B861700 		addiw	a3,a5,1
 434 027c 2324D700 		sw	a3,8(a4)
 435              		.loc 2 122 18
 436 0280 23A0F400 		sw	a5,0(s1)
 123:src/../h/tcb.hpp ****         if (body != nullptr) {
 437              		.loc 2 123 9 is_stmt 1
 438 0284 630C0902 		beqz	s2,.L17
 124:src/../h/tcb.hpp ****             Scheduler::put(this);
 439              		.loc 2 124 13
 440              		.loc 2 124 27 is_stmt 0
 441 0288 13850400 		mv	a0,s1
 442 028c 97000000 		call	_ZN9Scheduler3putEP3TCB@plt
 442      E7800000 
 443              	.LVL39:
 444              	.LEHE6:
 445 0294 6F008002 		j	.L17
 446              	.L23:
 117:src/../h/tcb.hpp ****     }),
 447              		.loc 2 117 9
 448 0298 93070000 		li	a5,0
 449 029c 6FF01FFA 		j	.L19
 450              	.L24:
 451 02a0 13090500 		mv	s2,a0
 452              	.LVL40:
 453              	.LBE47:
 454              	.LBE46:
 455              		.loc 1 48 40
 456 02a4 13850400 		mv	a0,s1
 457 02a8 97000000 		call	_ZdlPv@plt
 457      E7800000 
GAS LISTING /tmp/ccORtmMU.s 			page 17


 458              	.LVL41:
 459 02b0 13050900 		mv	a0,s2
 460              	.LEHB7:
 461 02b4 97000000 		call	_Unwind_Resume@plt
 461      E7800000 
 462              	.LVL42:
 463              	.LEHE7:
 464              	.L17:
  49:src/tcb.cpp   **** }
 465              		.loc 1 49 1
 466 02bc 13850400 		mv	a0,s1
 467 02c0 83308102 		ld	ra,40(sp)
 468              		.cfi_restore 1
 469 02c4 03340102 		ld	s0,32(sp)
 470              		.cfi_restore 8
 471              		.cfi_def_cfa 2, 48
 472 02c8 83348101 		ld	s1,24(sp)
 473              		.cfi_restore 9
 474              	.LVL43:
 475 02cc 03390101 		ld	s2,16(sp)
 476              		.cfi_restore 18
 477              	.LVL44:
 478 02d0 83398100 		ld	s3,8(sp)
 479              		.cfi_restore 19
 480              	.LVL45:
 481 02d4 13010103 		addi	sp,sp,48
 482              		.cfi_def_cfa_offset 0
 483 02d8 67800000 		jr	ra
 484              		.cfi_endproc
 485              	.LFE60:
 486              		.section	.gcc_except_table
 487              	.LLSDA60:
 488 0045 FF       		.byte	0xff
 489 0046 FF       		.byte	0xff
 490 0047 03       		.byte	0x3
 491 0048 27       		.byte	0x27
 492 0049 00000000 		.4byte	.LEHB5-.LFB60
 493 004d 00000000 		.4byte	.LEHE5-.LEHB5
 494 0051 00000000 		.4byte	0
 495 0055 00       		.byte	0
 496 0056 00000000 		.4byte	.LEHB6-.LFB60
 497 005a 00000000 		.4byte	.LEHE6-.LEHB6
 498 005e 00000000 		.4byte	.L24-.LFB60
 499 0062 00       		.byte	0
 500 0063 00000000 		.4byte	.LEHB7-.LFB60
 501 0067 00000000 		.4byte	.LEHE7-.LEHB7
 502 006b 00000000 		.4byte	0
 503 006f 00       		.byte	0
 504              		.text
 506              		.align	2
 507              		.globl	_ZN3TCB10time_sleepEm
 509              	_ZN3TCB10time_sleepEm:
 510              	.LFB61:
  50:src/tcb.cpp   **** 
  51:src/tcb.cpp   **** 
  52:src/tcb.cpp   **** void TCB::time_sleep(uint64 timeout) {
 511              		.loc 1 52 38 is_stmt 1
GAS LISTING /tmp/ccORtmMU.s 			page 18


 512              		.cfi_startproc
 513              	.LVL46:
 514 02dc 130101FF 		addi	sp,sp,-16
 515              		.cfi_def_cfa_offset 16
 516 02e0 23348100 		sd	s0,8(sp)
 517              		.cfi_offset 8, -8
 518 02e4 13040101 		addi	s0,sp,16
 519              		.cfi_def_cfa 8, 0
  53:src/tcb.cpp   ****     if (timeout == 0) return;
 520              		.loc 1 53 5
 521 02e8 630C0500 		beqz	a0,.L26
 522 02ec 93070500 		mv	a5,a0
  54:src/tcb.cpp   **** 
  55:src/tcb.cpp   ****     __asm__ volatile (
 523              		.loc 1 55 5
  56:src/tcb.cpp   ****         "mv a0, %0\t\n"
  57:src/tcb.cpp   ****         "mv a1, %1\t\n"
  58:src/tcb.cpp   ****         "ecall" :: "r"(0x15), "r"(timeout) : "a0", "a1" );
 524              		.loc 1 58 58 is_stmt 0
 525 02f0 13075001 		li	a4,21
 526              	#APP
 527              	# 58 "src/tcb.cpp" 1
  59 02f8 93850700 	}
  60 02fc 73000000 	
  61              	void TCB::update_sleeping_threads() {
 528              		mv a0, a4	
 529              	mv a1, a5	
 530              	ecall
 531              	# 0 "" 2
 532              	.LVL47:
 533              	#NO_APP
 534              	.L26:
  59:src/tcb.cpp   **** 
 535              		.loc 1 59 1
 536 0300 03348100 		ld	s0,8(sp)
 537              		.cfi_restore 8
 538              		.cfi_def_cfa 2, 16
 539 0304 13010101 		addi	sp,sp,16
 540              		.cfi_def_cfa_offset 0
 541 0308 67800000 		jr	ra
 542              		.cfi_endproc
 543              	.LFE61:
 545              		.align	2
 546              		.globl	_ZN3TCB23update_sleeping_threadsEv
 548              	_ZN3TCB23update_sleeping_threadsEv:
 549              	.LFB62:
 550              		.loc 1 61 37 is_stmt 1
 551              		.cfi_startproc
 552 030c 130101FC 		addi	sp,sp,-64
 553              		.cfi_def_cfa_offset 64
 554 0310 233C1102 		sd	ra,56(sp)
 555 0314 23388102 		sd	s0,48(sp)
 556 0318 23349102 		sd	s1,40(sp)
 557 031c 23302103 		sd	s2,32(sp)
 558 0320 233C3101 		sd	s3,24(sp)
 559              		.cfi_offset 1, -8
 560              		.cfi_offset 8, -16
GAS LISTING /tmp/ccORtmMU.s 			page 19


 561              		.cfi_offset 9, -24
 562              		.cfi_offset 18, -32
 563              		.cfi_offset 19, -40
 564 0324 13040104 		addi	s0,sp,64
 565              		.cfi_def_cfa 8, 0
  62:src/tcb.cpp   ****     int cnt = Scheduler::sleepingThreads.getNumOfElements();
 566              		.loc 1 62 5
 567              	.LVL48:
 568              	.LBB48:
 569              	.LBB49:
 570              		.file 4 "src/../h/list.hpp"
   1:src/../h/list.hpp **** #ifndef OS1_RISCV_CONTEXT_SWITCH_SYNCHORNOUS_LIST_HPP
   2:src/../h/list.hpp **** #define OS1_RISCV_CONTEXT_SWITCH_SYNCHORNOUS_LIST_HPP
   3:src/../h/list.hpp **** 
   4:src/../h/list.hpp **** #include "../lib/hw.h"
   5:src/../h/list.hpp **** 
   6:src/../h/list.hpp **** typedef unsigned long uint64;
   7:src/../h/list.hpp **** void printString(char const* string);
   8:src/../h/list.hpp **** void printInt(unsigned long xx, unsigned char base = 10, unsigned char sgn = 0);
   9:src/../h/list.hpp **** template<typename T>
  10:src/../h/list.hpp **** class List
  11:src/../h/list.hpp **** {
  12:src/../h/list.hpp **** private:
  13:src/../h/list.hpp ****     struct Elem
  14:src/../h/list.hpp ****     {
  15:src/../h/list.hpp ****         T* data;
  16:src/../h/list.hpp ****         Elem* next;
  17:src/../h/list.hpp **** 
  18:src/../h/list.hpp ****         Elem(T* data, Elem* next) : data(data), next(next) {}
  19:src/../h/list.hpp ****     };
  20:src/../h/list.hpp **** 
  21:src/../h/list.hpp ****     Elem* head;
  22:src/../h/list.hpp ****     Elem* tail;
  23:src/../h/list.hpp **** 
  24:src/../h/list.hpp **** public:
  25:src/../h/list.hpp ****     List() : head(nullptr), tail(nullptr) {}
  26:src/../h/list.hpp **** 
  27:src/../h/list.hpp ****     List(const List<T>&) = delete;
  28:src/../h/list.hpp ****     List<T>& operator=(const List<T>&) = delete;
  29:src/../h/list.hpp **** 
  30:src/../h/list.hpp ****     bool isEmpty() {
  31:src/../h/list.hpp ****         return head == 0;
  32:src/../h/list.hpp ****     }
  33:src/../h/list.hpp **** 
  34:src/../h/list.hpp ****     void addFirst(T* data)
  35:src/../h/list.hpp ****     {
  36:src/../h/list.hpp ****         Elem* elem = new Elem(data, head);
  37:src/../h/list.hpp ****         head = elem;
  38:src/../h/list.hpp **** 
  39:src/../h/list.hpp ****         if (!tail)
  40:src/../h/list.hpp ****         {
  41:src/../h/list.hpp ****             tail = head;
  42:src/../h/list.hpp ****         }
  43:src/../h/list.hpp ****     }
  44:src/../h/list.hpp **** 
  45:src/../h/list.hpp ****     void addLast(T* data)
  46:src/../h/list.hpp ****     {
GAS LISTING /tmp/ccORtmMU.s 			page 20


  47:src/../h/list.hpp ****         Elem* elem = new Elem(data, nullptr);
  48:src/../h/list.hpp **** 
  49:src/../h/list.hpp ****         if (tail)
  50:src/../h/list.hpp ****         {
  51:src/../h/list.hpp ****             tail->next = elem;
  52:src/../h/list.hpp ****             tail = elem;
  53:src/../h/list.hpp ****         }
  54:src/../h/list.hpp ****         else
  55:src/../h/list.hpp ****         {
  56:src/../h/list.hpp ****             head = tail = elem;
  57:src/../h/list.hpp ****         }
  58:src/../h/list.hpp ****     }
  59:src/../h/list.hpp **** 
  60:src/../h/list.hpp ****     T* removeFirst()
  61:src/../h/list.hpp ****     {
  62:src/../h/list.hpp ****         if (!head)
  63:src/../h/list.hpp ****         {
  64:src/../h/list.hpp ****             return nullptr;
  65:src/../h/list.hpp ****         }
  66:src/../h/list.hpp **** 
  67:src/../h/list.hpp ****         Elem* elem = head;
  68:src/../h/list.hpp ****         head = head->next;
  69:src/../h/list.hpp **** 
  70:src/../h/list.hpp ****         if (!head)
  71:src/../h/list.hpp ****         {
  72:src/../h/list.hpp ****             tail = nullptr;
  73:src/../h/list.hpp ****         }
  74:src/../h/list.hpp **** 
  75:src/../h/list.hpp ****         T* ret = elem->data;
  76:src/../h/list.hpp **** 
  77:src/../h/list.hpp ****         delete elem;
  78:src/../h/list.hpp ****         return ret;
  79:src/../h/list.hpp ****     }
  80:src/../h/list.hpp **** 
  81:src/../h/list.hpp ****     T* peekFirst()
  82:src/../h/list.hpp ****     {
  83:src/../h/list.hpp ****         if (!head)
  84:src/../h/list.hpp ****         {
  85:src/../h/list.hpp ****             return nullptr;
  86:src/../h/list.hpp ****         }
  87:src/../h/list.hpp **** 
  88:src/../h/list.hpp ****         return head->data;
  89:src/../h/list.hpp ****     }
  90:src/../h/list.hpp **** 
  91:src/../h/list.hpp ****     T* removeLast()
  92:src/../h/list.hpp ****     {
  93:src/../h/list.hpp ****         if (!head)
  94:src/../h/list.hpp ****         {
  95:src/../h/list.hpp ****             return nullptr;
  96:src/../h/list.hpp ****         }
  97:src/../h/list.hpp **** 
  98:src/../h/list.hpp ****         Elem* prev = nullptr;
  99:src/../h/list.hpp **** 
 100:src/../h/list.hpp ****         for (Elem* curr = head; curr && curr != tail; curr = curr->next)
 101:src/../h/list.hpp ****         {
 102:src/../h/list.hpp ****             prev = curr;
 103:src/../h/list.hpp ****         }
GAS LISTING /tmp/ccORtmMU.s 			page 21


 104:src/../h/list.hpp **** 
 105:src/../h/list.hpp ****         Elem* elem = tail;
 106:src/../h/list.hpp **** 
 107:src/../h/list.hpp ****         if (prev)
 108:src/../h/list.hpp ****         {
 109:src/../h/list.hpp ****             prev->next = nullptr;
 110:src/../h/list.hpp ****         }
 111:src/../h/list.hpp ****         else
 112:src/../h/list.hpp ****         {
 113:src/../h/list.hpp ****             head = nullptr;
 114:src/../h/list.hpp ****         }
 115:src/../h/list.hpp **** 
 116:src/../h/list.hpp ****         tail = prev;
 117:src/../h/list.hpp **** 
 118:src/../h/list.hpp ****         T* ret = elem->data;
 119:src/../h/list.hpp ****         delete elem;
 120:src/../h/list.hpp **** 
 121:src/../h/list.hpp ****         return ret;
 122:src/../h/list.hpp ****     }
 123:src/../h/list.hpp **** 
 124:src/../h/list.hpp ****     T* peekLast()
 125:src/../h/list.hpp ****     {
 126:src/../h/list.hpp ****         if (!tail)
 127:src/../h/list.hpp ****         {
 128:src/../h/list.hpp ****             return nullptr;
 129:src/../h/list.hpp ****         }
 130:src/../h/list.hpp **** 
 131:src/../h/list.hpp ****         return tail->data;
 132:src/../h/list.hpp ****     }
 133:src/../h/list.hpp **** 
 134:src/../h/list.hpp ****     void print() {
 135:src/../h/list.hpp ****         Elem* curr = head;
 136:src/../h/list.hpp ****         while (curr) {
 137:src/../h/list.hpp ****             printString("[");
 138:src/../h/list.hpp ****             if (curr->data) {
 139:src/../h/list.hpp ****                 printInt((uint64)(curr->data));
 140:src/../h/list.hpp ****             } else {
 141:src/../h/list.hpp ****                 printString("null");
 142:src/../h/list.hpp ****             }
 143:src/../h/list.hpp **** 
 144:src/../h/list.hpp ****             printString("] ");
 145:src/../h/list.hpp ****             curr = curr->next;
 146:src/../h/list.hpp ****         }
 147:src/../h/list.hpp ****         printString("\n");
 148:src/../h/list.hpp ****     }
 149:src/../h/list.hpp **** 
 150:src/../h/list.hpp ****     int getNumOfElements() {
 151:src/../h/list.hpp ****         Elem* curr = head;
 571              		.loc 4 151 15 is_stmt 0
 572 0328 97070000 		la	a5,_ZN9Scheduler15sleepingThreadsE
 572      83B70700 
 573 0330 83B70700 		ld	a5,0(a5)
 574              	.LVL49:
 152:src/../h/list.hpp ****         int cnt = 0;
 575              		.loc 4 152 13
 576 0334 13090000 		li	s2,0
 577              	.LVL50:
GAS LISTING /tmp/ccORtmMU.s 			page 22


 578              	.L31:
 153:src/../h/list.hpp **** 
 154:src/../h/list.hpp ****         while (curr) {
 579              		.loc 4 154 9 is_stmt 1
 580 0338 63880700 		beqz	a5,.L30
 155:src/../h/list.hpp ****             cnt++;
 581              		.loc 4 155 13 is_stmt 0
 582 033c 1B091900 		addiw	s2,s2,1
 583              	.LVL51:
 156:src/../h/list.hpp ****             curr = curr->next;
 584              		.loc 4 156 13
 585 0340 83B78700 		ld	a5,8(a5)
 586              	.LVL52:
 154:src/../h/list.hpp ****             cnt++;
 587              		.loc 4 154 9
 588 0344 6FF05FFF 		j	.L31
 589              	.LVL53:
 590              	.L30:
 591              	.LBE49:
 592              	.LBE48:
  63:src/tcb.cpp   ****     if (cnt == 0) return;
 593              		.loc 1 63 5 is_stmt 1
 594 0348 63100902 		bnez	s2,.L46
 595              	.L29:
  64:src/tcb.cpp   **** 
  65:src/tcb.cpp   ****     List<TCB> privremeniRed;
  66:src/tcb.cpp   **** 
  67:src/tcb.cpp   ****     for (int i = 0; i < cnt; i++) {
  68:src/tcb.cpp   ****         TCB* current = Scheduler::getS();
  69:src/tcb.cpp   ****         if (!current) break;
  70:src/tcb.cpp   **** 
  71:src/tcb.cpp   ****         current->sleepTimeSlice--;
  72:src/tcb.cpp   ****         if (current->sleepTimeSlice <= 0) {
  73:src/tcb.cpp   ****             current->setBlocked(false);
  74:src/tcb.cpp   ****             current->sleepTimeSlice = 0;
  75:src/tcb.cpp   ****             Scheduler::put(current);
  76:src/tcb.cpp   ****         }
  77:src/tcb.cpp   ****         else {
  78:src/tcb.cpp   ****             privremeniRed.addLast(current);
  79:src/tcb.cpp   ****         }
  80:src/tcb.cpp   ****     }
  81:src/tcb.cpp   **** 
  82:src/tcb.cpp   ****     while(privremeniRed.getNumOfElements()) {
  83:src/tcb.cpp   ****         Scheduler::putS(privremeniRed.removeFirst());
  84:src/tcb.cpp   ****     }
  85:src/tcb.cpp   **** }
 596              		.loc 1 85 1 is_stmt 0
 597 034c 83308103 		ld	ra,56(sp)
 598              		.cfi_remember_state
 599              		.cfi_restore 1
 600 0350 03340103 		ld	s0,48(sp)
 601              		.cfi_restore 8
 602              		.cfi_def_cfa 2, 64
 603 0354 83348102 		ld	s1,40(sp)
 604              		.cfi_restore 9
 605 0358 03390102 		ld	s2,32(sp)
 606              		.cfi_restore 18
GAS LISTING /tmp/ccORtmMU.s 			page 23


 607              	.LVL54:
 608 035c 83398101 		ld	s3,24(sp)
 609              		.cfi_restore 19
 610 0360 13010104 		addi	sp,sp,64
 611              		.cfi_def_cfa_offset 0
 612 0364 67800000 		jr	ra
 613              	.LVL55:
 614              	.L46:
 615              		.cfi_restore_state
  65:src/tcb.cpp   **** 
 616              		.loc 1 65 5 is_stmt 1
 617              	.LBB50:
 618              	.LBB51:
 619              	.LBB52:
  25:src/../h/list.hpp **** 
 620              		.loc 4 25 41 is_stmt 0
 621 0368 233004FC 		sd	zero,-64(s0)
 622 036c 233404FC 		sd	zero,-56(s0)
 623              	.LVL56:
 624              	.LBE52:
 625              	.LBE51:
 626              	.LBE50:
  67:src/tcb.cpp   ****         TCB* current = Scheduler::getS();
 627              		.loc 1 67 5 is_stmt 1
 628              	.LBB53:
  67:src/tcb.cpp   ****         TCB* current = Scheduler::getS();
 629              		.loc 1 67 14 is_stmt 0
 630 0370 93090000 		li	s3,0
 631 0374 6F00C002 		j	.L38
 632              	.LVL57:
 633              	.L35:
 634              	.LBB54:
  78:src/tcb.cpp   ****         }
 635              		.loc 1 78 13 is_stmt 1
 636              	.LBB55:
 637              	.LBB56:
  47:src/../h/list.hpp **** 
 638              		.loc 4 47 22 is_stmt 0
 639 0378 13050001 		li	a0,16
 640 037c 97000000 		call	_Znwm@plt
 640      E7800000 
 641              	.LVL58:
 642              	.LBB57:
 643              	.LBB58:
  18:src/../h/list.hpp ****     };
 644              		.loc 4 18 58
 645 0384 23309500 		sd	s1,0(a0)
 646 0388 23340500 		sd	zero,8(a0)
 647              	.LVL59:
 648              	.LBE58:
 649              	.LBE57:
  49:src/../h/list.hpp ****         {
 650              		.loc 4 49 13
 651 038c 833784FC 		ld	a5,-56(s0)
  49:src/../h/list.hpp ****         {
 652              		.loc 4 49 9
 653 0390 63840704 		beqz	a5,.L37
GAS LISTING /tmp/ccORtmMU.s 			page 24


  51:src/../h/list.hpp ****             tail = elem;
 654              		.loc 4 51 13
 655 0394 23B4A700 		sd	a0,8(a5)
  52:src/../h/list.hpp ****         }
 656              		.loc 4 52 13
 657 0398 2334A4FC 		sd	a0,-56(s0)
 658              	.LVL60:
 659              	.L36:
 660              	.LBE56:
 661              	.LBE55:
 662              	.LBE54:
  67:src/tcb.cpp   ****         TCB* current = Scheduler::getS();
 663              		.loc 1 67 5 is_stmt 1 discriminator 2
 664 039c 9B891900 		addiw	s3,s3,1
 665              	.LVL61:
 666              	.L38:
  67:src/tcb.cpp   ****         TCB* current = Scheduler::getS();
 667              		.loc 1 67 23 discriminator 1
 668 03a0 63D62907 		bge	s3,s2,.L43
 669              	.LBB63:
  68:src/tcb.cpp   ****         if (!current) break;
 670              		.loc 1 68 9
  68:src/tcb.cpp   ****         if (!current) break;
 671              		.loc 1 68 39 is_stmt 0
 672 03a4 97000000 		call	_ZN9Scheduler4getSEv@plt
 672      E7800000 
 673              	.LVL62:
 674 03ac 93040500 		mv	s1,a0
 675              	.LVL63:
  69:src/tcb.cpp   **** 
 676              		.loc 1 69 9 is_stmt 1
 677 03b0 630E0504 		beqz	a0,.L43
  71:src/tcb.cpp   ****         if (current->sleepTimeSlice <= 0) {
 678              		.loc 1 71 9
  71:src/tcb.cpp   ****         if (current->sleepTimeSlice <= 0) {
 679              		.loc 1 71 18 is_stmt 0
 680 03b4 83370503 		ld	a5,48(a0)
  71:src/tcb.cpp   ****         if (current->sleepTimeSlice <= 0) {
 681              		.loc 1 71 32
 682 03b8 9387F7FF 		addi	a5,a5,-1
 683 03bc 2338F502 		sd	a5,48(a0)
  72:src/tcb.cpp   ****             current->setBlocked(false);
 684              		.loc 1 72 9 is_stmt 1
 685 03c0 E39C07FA 		bnez	a5,.L35
  73:src/tcb.cpp   ****             current->sleepTimeSlice = 0;
 686              		.loc 1 73 13
 687              	.LVL64:
 688              	.LBB60:
 689              	.LBB61:
  27:src/../h/tcb.hpp ****     }
 690              		.loc 2 27 9
  27:src/../h/tcb.hpp ****     }
 691              		.loc 2 27 23 is_stmt 0
 692 03c4 A30C0502 		sb	zero,57(a0)
 693              	.LVL65:
 694              	.LBE61:
 695              	.LBE60:
GAS LISTING /tmp/ccORtmMU.s 			page 25


  74:src/tcb.cpp   ****             Scheduler::put(current);
 696              		.loc 1 74 13 is_stmt 1
  74:src/tcb.cpp   ****             Scheduler::put(current);
 697              		.loc 1 74 37 is_stmt 0
 698 03c8 23380502 		sd	zero,48(a0)
  75:src/tcb.cpp   ****         }
 699              		.loc 1 75 13 is_stmt 1
  75:src/tcb.cpp   ****         }
 700              		.loc 1 75 27 is_stmt 0
 701 03cc 97000000 		call	_ZN9Scheduler3putEP3TCB@plt
 701      E7800000 
 702              	.LVL66:
 703 03d4 6FF09FFC 		j	.L36
 704              	.LVL67:
 705              	.L37:
 706              	.LBB62:
 707              	.LBB59:
  56:src/../h/list.hpp ****         }
 708              		.loc 4 56 13
 709 03d8 2334A4FC 		sd	a0,-56(s0)
 710 03dc 2330A4FC 		sd	a0,-64(s0)
 711 03e0 6FF0DFFB 		j	.L36
 712              	.LVL68:
 713              	.L39:
 714              	.LBE59:
 715              	.LBE62:
 716              	.LBE63:
 717              	.LBE53:
  82:src/tcb.cpp   ****         Scheduler::putS(privremeniRed.removeFirst());
 718              		.loc 1 82 42
 719 03e4 E30407F6 		beqz	a4,.L29
  83:src/tcb.cpp   ****     }
 720              		.loc 1 83 9 is_stmt 1
 721              	.LVL69:
 722              	.LBB64:
 723              	.LBB65:
  62:src/../h/list.hpp ****         {
 724              		.loc 4 62 9 is_stmt 0
 725 03e8 63000504 		beqz	a0,.L44
 726              	.LVL70:
  68:src/../h/list.hpp **** 
 727              		.loc 4 68 22
 728 03ec 83378500 		ld	a5,8(a0)
  68:src/../h/list.hpp **** 
 729              		.loc 4 68 9
 730 03f0 2330F4FC 		sd	a5,-64(s0)
  75:src/../h/list.hpp **** 
 731              		.loc 4 75 12
 732 03f4 83340500 		ld	s1,0(a0)
 733              	.LVL71:
  77:src/../h/list.hpp ****         return ret;
 734              		.loc 4 77 9
 735 03f8 97000000 		call	_ZdlPv@plt
 735      E7800000 
 736              	.LVL72:
 737              	.L42:
 738              	.LBE65:
GAS LISTING /tmp/ccORtmMU.s 			page 26


 739              	.LBE64:
  83:src/tcb.cpp   ****     }
 740              		.loc 1 83 24
 741 0400 13850400 		mv	a0,s1
 742 0404 97000000 		call	_ZN9Scheduler4putSEP3TCB@plt
 742      E7800000 
 743              	.LVL73:
 744              	.L43:
  82:src/tcb.cpp   ****         Scheduler::putS(privremeniRed.removeFirst());
 745              		.loc 1 82 5 is_stmt 1
  82:src/tcb.cpp   ****         Scheduler::putS(privremeniRed.removeFirst());
 746              		.loc 1 82 42
 747              	.LBB67:
 748              	.LBB68:
 151:src/../h/list.hpp ****         int cnt = 0;
 749              		.loc 4 151 15 is_stmt 0
 750 040c 033504FC 		ld	a0,-64(s0)
 751              	.LVL74:
 752 0410 93070500 		mv	a5,a0
 152:src/../h/list.hpp **** 
 753              		.loc 4 152 13
 754 0414 13070000 		li	a4,0
 755              	.LVL75:
 756              	.L40:
 154:src/../h/list.hpp ****             cnt++;
 757              		.loc 4 154 9 is_stmt 1
 758 0418 E38607FC 		beqz	a5,.L39
 155:src/../h/list.hpp ****             curr = curr->next;
 759              		.loc 4 155 13 is_stmt 0
 760 041c 1B071700 		addiw	a4,a4,1
 761              	.LVL76:
 762              		.loc 4 156 13
 763 0420 83B78700 		ld	a5,8(a5)
 764              	.LVL77:
 154:src/../h/list.hpp ****             cnt++;
 765              		.loc 4 154 9
 766 0424 6FF05FFF 		j	.L40
 767              	.LVL78:
 768              	.L44:
 769              	.LBE68:
 770              	.LBE67:
 771              	.LBB69:
 772              	.LBB66:
  64:src/../h/list.hpp ****         }
 773              		.loc 4 64 20
 774 0428 93040500 		mv	s1,a0
 775 042c 6FF05FFD 		j	.L42
 776              	.LBE66:
 777              	.LBE69:
 778              		.cfi_endproc
 779              	.LFE62:
 781              		.globl	_ZN3TCB16timeSliceCounterE
 782              		.globl	_ZN3TCB2IDE
 783              		.globl	_ZN3TCB7runningE
 784              		.bss
 785              		.align	3
 786              		.set	.LANCHOR0,. + 0
GAS LISTING /tmp/ccORtmMU.s 			page 27


 789              	_ZN3TCB7runningE:
 790 0000 00000000 		.zero	8
 790      00000000 
 793              	_ZN3TCB2IDE:
 794 0008 00000000 		.zero	4
 795 000c 00000000 		.zero	4
 798              	_ZN3TCB16timeSliceCounterE:
 799 0010 00000000 		.zero	8
 799      00000000 
 800              		.text
 801              	.Letext0:
 802              		.file 5 "src/../h/../lib/hw.h"
 803              		.file 6 "src/../h/scheduler.hpp"
 804              		.file 7 "src/../h/semkernel.hpp"
 805              		.file 8 "src/../h/../h/consoleKernel.hpp"
 806              		.file 9 "src/../h/syscall_c.h"
 5219              		.align	3
 5222              	DW.ref.__gxx_personality_v0:
 5223 0000 00000000 		.dword	__gxx_personality_v0
 5223      00000000 
 5224              		.ident	"GCC: (Ubuntu 9.4.0-1ubuntu1~20.04) 9.4.0"
 5225              		.section	.note.GNU-stack,"",@progbits
GAS LISTING /tmp/ccORtmMU.s 			page 28


DEFINED SYMBOLS
                            *ABS*:0000000000000000 tcb.cpp
     /tmp/ccORtmMU.s:9      .text:0000000000000000 _ZN3TCB5yieldEv
     /tmp/ccORtmMU.s:13     .text:0000000000000000 .L0 
     /tmp/ccORtmMU.s:14     .text:0000000000000000 .L0 
     /tmp/ccORtmMU.s:15     .text:0000000000000004 .L0 
     /tmp/ccORtmMU.s:17     .text:0000000000000008 .L0 
     /tmp/ccORtmMU.s:19     .text:000000000000000c .L0 
     /tmp/ccORtmMU.s:21     .text:000000000000000c .L0 
     /tmp/ccORtmMU.s:22     .text:000000000000000c .L0 
     /tmp/ccORtmMU.s:30     .text:0000000000000018 .L0 
     /tmp/ccORtmMU.s:31     .text:000000000000001c .L0 
     /tmp/ccORtmMU.s:32     .text:000000000000001c .L0 
     /tmp/ccORtmMU.s:34     .text:0000000000000020 .L0 
     /tmp/ccORtmMU.s:36     .text:0000000000000024 .L0 
     /tmp/ccORtmMU.s:42     .text:0000000000000024 _ZN3TCB13threadWrapperEv
     /tmp/ccORtmMU.s:45     .text:0000000000000024 .L0 
     /tmp/ccORtmMU.s:46     .text:0000000000000024 .L0 
     /tmp/ccORtmMU.s:47     .text:0000000000000028 .L0 
     /tmp/ccORtmMU.s:51     .text:0000000000000034 .L0 
     /tmp/ccORtmMU.s:52     .text:0000000000000034 .L0 
     /tmp/ccORtmMU.s:53     .text:0000000000000034 .L0 
     /tmp/ccORtmMU.s:55     .text:0000000000000038 .L0 
     /tmp/ccORtmMU.s:57     .text:0000000000000038 .L0 
     /tmp/ccORtmMU.s:58     .text:0000000000000038 .L0 
     /tmp/ccORtmMU.s:61     .text:0000000000000040 .L0 
     /tmp/ccORtmMU.s:62     .text:0000000000000040 .L0 
     /tmp/ccORtmMU.s:72     .text:0000000000000050 .L0 
     /tmp/ccORtmMU.s:73     .text:0000000000000050 .L0 
     /tmp/ccORtmMU.s:77     .text:0000000000000058 .L0 
     /tmp/ccORtmMU.s:78     .text:0000000000000058 .L0 
     /tmp/ccORtmMU.s:83     .text:000000000000005c .L0 
     /tmp/ccORtmMU.s:84     .text:000000000000005c .L0 
     /tmp/ccORtmMU.s:90     .text:0000000000000064 .L0 
     /tmp/ccORtmMU.s:91     .text:0000000000000064 .L0 
     /tmp/ccORtmMU.s:94     .text:000000000000006c .L0 
     /tmp/ccORtmMU.s:95     .text:0000000000000070 .L0 
     /tmp/ccORtmMU.s:97     .text:0000000000000074 .L0 
     /tmp/ccORtmMU.s:98     .text:0000000000000074 .L0 
     /tmp/ccORtmMU.s:100    .text:0000000000000078 .L0 
     /tmp/ccORtmMU.s:102    .text:000000000000007c .L0 
     /tmp/ccORtmMU.s:104    .text:0000000000000080 .L0 
     /tmp/ccORtmMU.s:110    .text:0000000000000080 _ZN3TCB8dispatchEv
     /tmp/ccORtmMU.s:113    .text:0000000000000080 .L0 
     /tmp/ccORtmMU.s:114    .text:0000000000000080 .L0 
     /tmp/ccORtmMU.s:115    .text:0000000000000084 .L0 
     /tmp/ccORtmMU.s:120    .text:0000000000000094 .L0 
     /tmp/ccORtmMU.s:121    .text:0000000000000094 .L0 
     /tmp/ccORtmMU.s:122    .text:0000000000000094 .L0 
     /tmp/ccORtmMU.s:123    .text:0000000000000094 .L0 
     /tmp/ccORtmMU.s:125    .text:0000000000000098 .L0 
     /tmp/ccORtmMU.s:127    .text:0000000000000098 .L0 
     /tmp/ccORtmMU.s:128    .text:0000000000000098 .L0 
     /tmp/ccORtmMU.s:131    .text:00000000000000a0 .L0 
     /tmp/ccORtmMU.s:132    .text:00000000000000a0 .L0 
     /tmp/ccORtmMU.s:135    .text:00000000000000a8 .L0 
     /tmp/ccORtmMU.s:141    .text:00000000000000b0 .L0 
GAS LISTING /tmp/ccORtmMU.s 			page 29


     /tmp/ccORtmMU.s:142    .text:00000000000000b0 .L0 
     /tmp/ccORtmMU.s:143    .text:00000000000000b0 .L0 
     /tmp/ccORtmMU.s:149    .text:00000000000000b8 .L0 
     /tmp/ccORtmMU.s:154    .text:00000000000000bc .L0 
     /tmp/ccORtmMU.s:155    .text:00000000000000bc .L0 
     /tmp/ccORtmMU.s:160    .text:00000000000000c0 .L0 
     /tmp/ccORtmMU.s:164    .text:00000000000000c4 .L0 
     /tmp/ccORtmMU.s:165    .text:00000000000000c4 .L0 
     /tmp/ccORtmMU.s:171    .text:00000000000000cc .L0 
     /tmp/ccORtmMU.s:172    .text:00000000000000cc .L0 
     /tmp/ccORtmMU.s:173    .text:00000000000000cc .L0 
     /tmp/ccORtmMU.s:183    .text:00000000000000d4 .L0 
     /tmp/ccORtmMU.s:184    .text:00000000000000d4 .L0 
     /tmp/ccORtmMU.s:190    .text:00000000000000e4 .L0 
     /tmp/ccORtmMU.s:191    .text:00000000000000e8 .L0 
     /tmp/ccORtmMU.s:192    .text:00000000000000e8 .L0 
     /tmp/ccORtmMU.s:194    .text:00000000000000ec .L0 
     /tmp/ccORtmMU.s:195    .text:00000000000000ec .L0 
     /tmp/ccORtmMU.s:197    .text:00000000000000f0 .L0 
     /tmp/ccORtmMU.s:199    .text:00000000000000f4 .L0 
     /tmp/ccORtmMU.s:202    .text:00000000000000f8 .L0 
     /tmp/ccORtmMU.s:206    .text:00000000000000fc .L0 
     /tmp/ccORtmMU.s:208    .text:00000000000000fc .L0 
     /tmp/ccORtmMU.s:209    .text:00000000000000fc .L0 
     /tmp/ccORtmMU.s:213    .text:000000000000010c .L0 
     /tmp/ccORtmMU.s:219    .text:000000000000010c _ZN3TCB10setPartnerEPS_S0_
     /tmp/ccORtmMU.s:222    .text:000000000000010c .L0 
     /tmp/ccORtmMU.s:5222   .data.rel.local.DW.ref.__gxx_personality_v0:0000000000000000 DW.ref.__gxx_personality_v0
     /tmp/ccORtmMU.s:226    .text:000000000000010c .L0 
     /tmp/ccORtmMU.s:227    .text:0000000000000110 .L0 
     /tmp/ccORtmMU.s:233    .text:0000000000000124 .L0 
     /tmp/ccORtmMU.s:234    .text:0000000000000124 .L0 
     /tmp/ccORtmMU.s:235    .text:0000000000000124 .L0 
     /tmp/ccORtmMU.s:236    .text:0000000000000124 .L0 
     /tmp/ccORtmMU.s:237    .text:0000000000000124 .L0 
     /tmp/ccORtmMU.s:239    .text:0000000000000128 .L0 
     /tmp/ccORtmMU.s:243    .text:0000000000000130 .L0 
     /tmp/ccORtmMU.s:244    .text:0000000000000130 .L0 
     /tmp/ccORtmMU.s:257    .text:000000000000014c .L0 
     /tmp/ccORtmMU.s:259    .text:0000000000000150 .L0 
     /tmp/ccORtmMU.s:260    .text:0000000000000150 .L0 
     /tmp/ccORtmMU.s:272    .text:000000000000016c .L0 
     /tmp/ccORtmMU.s:274    .text:0000000000000170 .L0 
     /tmp/ccORtmMU.s:275    .text:0000000000000170 .L0 
     /tmp/ccORtmMU.s:277    .text:0000000000000174 .L0 
     /tmp/ccORtmMU.s:278    .text:0000000000000174 .L0 
     /tmp/ccORtmMU.s:280    .text:0000000000000178 .L0 
     /tmp/ccORtmMU.s:281    .text:000000000000017c .L0 
     /tmp/ccORtmMU.s:282    .text:000000000000017c .L0 
     /tmp/ccORtmMU.s:284    .text:0000000000000180 .L0 
     /tmp/ccORtmMU.s:285    .text:0000000000000180 .L0 
     /tmp/ccORtmMU.s:287    .text:0000000000000184 .L0 
     /tmp/ccORtmMU.s:290    .text:0000000000000188 .L0 
     /tmp/ccORtmMU.s:293    .text:000000000000018c .L0 
     /tmp/ccORtmMU.s:295    .text:0000000000000190 .L0 
     /tmp/ccORtmMU.s:299    .text:0000000000000194 .L0 
     /tmp/ccORtmMU.s:303    .text:0000000000000198 .L0 
GAS LISTING /tmp/ccORtmMU.s 			page 30


     /tmp/ccORtmMU.s:314    .text:00000000000001b4 .L0 
     /tmp/ccORtmMU.s:321    .text:00000000000001cc .L0 
     /tmp/ccORtmMU.s:355    .text:00000000000001cc _ZN3TCB12createThreadEPFvPvES0_
     /tmp/ccORtmMU.s:358    .text:00000000000001cc .L0 
     /tmp/ccORtmMU.s:362    .text:00000000000001cc .L0 
     /tmp/ccORtmMU.s:363    .text:00000000000001d0 .L0 
     /tmp/ccORtmMU.s:369    .text:00000000000001e4 .L0 
     /tmp/ccORtmMU.s:370    .text:00000000000001e4 .L0 
     /tmp/ccORtmMU.s:371    .text:00000000000001e4 .L0 
     /tmp/ccORtmMU.s:372    .text:00000000000001e4 .L0 
     /tmp/ccORtmMU.s:373    .text:00000000000001e4 .L0 
     /tmp/ccORtmMU.s:375    .text:00000000000001e8 .L0 
     /tmp/ccORtmMU.s:379    .text:00000000000001f0 .L0 
     /tmp/ccORtmMU.s:380    .text:00000000000001f0 .L0 
     /tmp/ccORtmMU.s:391    .text:0000000000000200 .L0 
     /tmp/ccORtmMU.s:393    .text:0000000000000204 .L0 
     /tmp/ccORtmMU.s:395    .text:0000000000000208 .L0 
     /tmp/ccORtmMU.s:402    .text:0000000000000218 .L0 
     /tmp/ccORtmMU.s:405    .text:000000000000021c .L0 
     /tmp/ccORtmMU.s:409    .text:000000000000022c .L0 
     /tmp/ccORtmMU.s:411    .text:0000000000000230 .L0 
     /tmp/ccORtmMU.s:414    .text:0000000000000238 .L0 
     /tmp/ccORtmMU.s:417    .text:000000000000023c .L0 
     /tmp/ccORtmMU.s:430    .text:000000000000026c .L0 
     /tmp/ccORtmMU.s:431    .text:000000000000026c .L0 
     /tmp/ccORtmMU.s:436    .text:0000000000000280 .L0 
     /tmp/ccORtmMU.s:438    .text:0000000000000284 .L0 
     /tmp/ccORtmMU.s:440    .text:0000000000000288 .L0 
     /tmp/ccORtmMU.s:441    .text:0000000000000288 .L0 
     /tmp/ccORtmMU.s:448    .text:0000000000000298 .L0 
     /tmp/ccORtmMU.s:456    .text:00000000000002a4 .L0 
     /tmp/ccORtmMU.s:466    .text:00000000000002bc .L0 
     /tmp/ccORtmMU.s:468    .text:00000000000002c4 .L0 
     /tmp/ccORtmMU.s:470    .text:00000000000002c8 .L0 
     /tmp/ccORtmMU.s:471    .text:00000000000002c8 .L0 
     /tmp/ccORtmMU.s:473    .text:00000000000002cc .L0 
     /tmp/ccORtmMU.s:476    .text:00000000000002d0 .L0 
     /tmp/ccORtmMU.s:479    .text:00000000000002d4 .L0 
     /tmp/ccORtmMU.s:482    .text:00000000000002d8 .L0 
     /tmp/ccORtmMU.s:484    .text:00000000000002dc .L0 
     /tmp/ccORtmMU.s:509    .text:00000000000002dc _ZN3TCB10time_sleepEm
     /tmp/ccORtmMU.s:512    .text:00000000000002dc .L0 
     /tmp/ccORtmMU.s:514    .text:00000000000002dc .L0 
     /tmp/ccORtmMU.s:515    .text:00000000000002e0 .L0 
     /tmp/ccORtmMU.s:517    .text:00000000000002e4 .L0 
     /tmp/ccORtmMU.s:519    .text:00000000000002e8 .L0 
     /tmp/ccORtmMU.s:521    .text:00000000000002e8 .L0 
     /tmp/ccORtmMU.s:524    .text:00000000000002f0 .L0 
     /tmp/ccORtmMU.s:525    .text:00000000000002f0 .L0 
     /tmp/ccORtmMU.s:536    .text:0000000000000300 .L0 
     /tmp/ccORtmMU.s:537    .text:0000000000000304 .L0 
     /tmp/ccORtmMU.s:538    .text:0000000000000304 .L0 
     /tmp/ccORtmMU.s:540    .text:0000000000000308 .L0 
     /tmp/ccORtmMU.s:542    .text:000000000000030c .L0 
     /tmp/ccORtmMU.s:548    .text:000000000000030c _ZN3TCB23update_sleeping_threadsEv
     /tmp/ccORtmMU.s:551    .text:000000000000030c .L0 
     /tmp/ccORtmMU.s:552    .text:000000000000030c .L0 
GAS LISTING /tmp/ccORtmMU.s 			page 31


     /tmp/ccORtmMU.s:553    .text:0000000000000310 .L0 
     /tmp/ccORtmMU.s:559    .text:0000000000000324 .L0 
     /tmp/ccORtmMU.s:560    .text:0000000000000324 .L0 
     /tmp/ccORtmMU.s:561    .text:0000000000000324 .L0 
     /tmp/ccORtmMU.s:562    .text:0000000000000324 .L0 
     /tmp/ccORtmMU.s:563    .text:0000000000000324 .L0 
     /tmp/ccORtmMU.s:565    .text:0000000000000328 .L0 
     /tmp/ccORtmMU.s:571    .text:0000000000000328 .L0 
     /tmp/ccORtmMU.s:572    .text:0000000000000328 .L0 
     /tmp/ccORtmMU.s:576    .text:0000000000000334 .L0 
     /tmp/ccORtmMU.s:580    .text:0000000000000338 .L0 
     /tmp/ccORtmMU.s:582    .text:000000000000033c .L0 
     /tmp/ccORtmMU.s:585    .text:0000000000000340 .L0 
     /tmp/ccORtmMU.s:588    .text:0000000000000344 .L0 
     /tmp/ccORtmMU.s:594    .text:0000000000000348 .L0 
     /tmp/ccORtmMU.s:597    .text:000000000000034c .L0 
     /tmp/ccORtmMU.s:598    .text:0000000000000350 .L0 
     /tmp/ccORtmMU.s:599    .text:0000000000000350 .L0 
     /tmp/ccORtmMU.s:601    .text:0000000000000354 .L0 
     /tmp/ccORtmMU.s:602    .text:0000000000000354 .L0 
     /tmp/ccORtmMU.s:604    .text:0000000000000358 .L0 
     /tmp/ccORtmMU.s:606    .text:000000000000035c .L0 
     /tmp/ccORtmMU.s:609    .text:0000000000000360 .L0 
     /tmp/ccORtmMU.s:611    .text:0000000000000364 .L0 
     /tmp/ccORtmMU.s:615    .text:0000000000000368 .L0 
     /tmp/ccORtmMU.s:620    .text:0000000000000368 .L0 
     /tmp/ccORtmMU.s:621    .text:0000000000000368 .L0 
     /tmp/ccORtmMU.s:629    .text:0000000000000370 .L0 
     /tmp/ccORtmMU.s:630    .text:0000000000000370 .L0 
     /tmp/ccORtmMU.s:638    .text:0000000000000378 .L0 
     /tmp/ccORtmMU.s:639    .text:0000000000000378 .L0 
     /tmp/ccORtmMU.s:645    .text:0000000000000384 .L0 
     /tmp/ccORtmMU.s:651    .text:000000000000038c .L0 
     /tmp/ccORtmMU.s:653    .text:0000000000000390 .L0 
     /tmp/ccORtmMU.s:655    .text:0000000000000394 .L0 
     /tmp/ccORtmMU.s:657    .text:0000000000000398 .L0 
     /tmp/ccORtmMU.s:664    .text:000000000000039c .L0 
     /tmp/ccORtmMU.s:668    .text:00000000000003a0 .L0 
     /tmp/ccORtmMU.s:671    .text:00000000000003a4 .L0 
     /tmp/ccORtmMU.s:672    .text:00000000000003a4 .L0 
     /tmp/ccORtmMU.s:677    .text:00000000000003b0 .L0 
     /tmp/ccORtmMU.s:679    .text:00000000000003b4 .L0 
     /tmp/ccORtmMU.s:680    .text:00000000000003b4 .L0 
     /tmp/ccORtmMU.s:682    .text:00000000000003b8 .L0 
     /tmp/ccORtmMU.s:685    .text:00000000000003c0 .L0 
     /tmp/ccORtmMU.s:690    .text:00000000000003c4 .L0 
     /tmp/ccORtmMU.s:691    .text:00000000000003c4 .L0 
     /tmp/ccORtmMU.s:692    .text:00000000000003c4 .L0 
     /tmp/ccORtmMU.s:697    .text:00000000000003c8 .L0 
     /tmp/ccORtmMU.s:698    .text:00000000000003c8 .L0 
     /tmp/ccORtmMU.s:700    .text:00000000000003cc .L0 
     /tmp/ccORtmMU.s:701    .text:00000000000003cc .L0 
     /tmp/ccORtmMU.s:709    .text:00000000000003d8 .L0 
     /tmp/ccORtmMU.s:719    .text:00000000000003e4 .L0 
     /tmp/ccORtmMU.s:724    .text:00000000000003e8 .L0 
     /tmp/ccORtmMU.s:725    .text:00000000000003e8 .L0 
     /tmp/ccORtmMU.s:728    .text:00000000000003ec .L0 
GAS LISTING /tmp/ccORtmMU.s 			page 32


     /tmp/ccORtmMU.s:730    .text:00000000000003f0 .L0 
     /tmp/ccORtmMU.s:732    .text:00000000000003f4 .L0 
     /tmp/ccORtmMU.s:735    .text:00000000000003f8 .L0 
     /tmp/ccORtmMU.s:741    .text:0000000000000400 .L0 
     /tmp/ccORtmMU.s:746    .text:000000000000040c .L0 
     /tmp/ccORtmMU.s:749    .text:000000000000040c .L0 
     /tmp/ccORtmMU.s:750    .text:000000000000040c .L0 
     /tmp/ccORtmMU.s:754    .text:0000000000000414 .L0 
     /tmp/ccORtmMU.s:758    .text:0000000000000418 .L0 
     /tmp/ccORtmMU.s:760    .text:000000000000041c .L0 
     /tmp/ccORtmMU.s:763    .text:0000000000000420 .L0 
     /tmp/ccORtmMU.s:766    .text:0000000000000424 .L0 
     /tmp/ccORtmMU.s:774    .text:0000000000000428 .L0 
     /tmp/ccORtmMU.s:778    .text:0000000000000430 .L0 
     /tmp/ccORtmMU.s:798    .bss:0000000000000010 _ZN3TCB16timeSliceCounterE
     /tmp/ccORtmMU.s:793    .bss:0000000000000008 _ZN3TCB2IDE
     /tmp/ccORtmMU.s:789    .bss:0000000000000000 _ZN3TCB7runningE
     /tmp/ccORtmMU.s:786    .bss:0000000000000000 .LANCHOR0
     /tmp/ccORtmMU.s:807    .text:0000000000000430 .L0 
     /tmp/ccORtmMU.s:62     .text:0000000000000040 .L0 
     /tmp/ccORtmMU.s:128    .text:0000000000000098 .L0 
     /tmp/ccORtmMU.s:165    .text:00000000000000c4 .L0 
     /tmp/ccORtmMU.s:406    .text:0000000000000220 .L0 
     /tmp/ccORtmMU.s:431    .text:000000000000026c .L0 
     /tmp/ccORtmMU.s:572    .text:0000000000000328 .L0 
     /tmp/ccORtmMU.s:188    .text:00000000000000e4 .L5
     /tmp/ccORtmMU.s:162    .text:00000000000000c4 .L7
     /tmp/ccORtmMU.s:205    .text:00000000000000fc .L9
     /tmp/ccORtmMU.s:400    .text:0000000000000218 .L22
     /tmp/ccORtmMU.s:403    .text:000000000000021c .L18
     /tmp/ccORtmMU.s:446    .text:0000000000000298 .L23
     /tmp/ccORtmMU.s:464    .text:00000000000002bc .L17
     /tmp/ccORtmMU.s:415    .text:000000000000023c .L19
     /tmp/ccORtmMU.s:534    .text:0000000000000300 .L26
     /tmp/ccORtmMU.s:590    .text:0000000000000348 .L30
     /tmp/ccORtmMU.s:578    .text:0000000000000338 .L31
     /tmp/ccORtmMU.s:614    .text:0000000000000368 .L46
     /tmp/ccORtmMU.s:666    .text:00000000000003a0 .L38
     /tmp/ccORtmMU.s:705    .text:00000000000003d8 .L37
     /tmp/ccORtmMU.s:744    .text:000000000000040c .L43
     /tmp/ccORtmMU.s:633    .text:0000000000000378 .L35
     /tmp/ccORtmMU.s:659    .text:000000000000039c .L36
     /tmp/ccORtmMU.s:595    .text:000000000000034c .L29
     /tmp/ccORtmMU.s:768    .text:0000000000000428 .L44
     /tmp/ccORtmMU.s:713    .text:00000000000003e4 .L39
     /tmp/ccORtmMU.s:756    .text:0000000000000418 .L40
     /tmp/ccORtmMU.s:737    .text:0000000000000400 .L42
     /tmp/ccORtmMU.s:246    .text:0000000000000134 .LEHB0
     /tmp/ccORtmMU.s:220    .text:000000000000010c .LFB58
     /tmp/ccORtmMU.s:249    .text:000000000000013c .LEHE0
     /tmp/ccORtmMU.s:252    .text:0000000000000144 .LEHB1
     /tmp/ccORtmMU.s:255    .text:000000000000014c .LEHE1
     /tmp/ccORtmMU.s:298    .text:0000000000000194 .L13
     /tmp/ccORtmMU.s:261    .text:0000000000000154 .LEHB2
     /tmp/ccORtmMU.s:264    .text:000000000000015c .LEHE2
     /tmp/ccORtmMU.s:267    .text:0000000000000164 .LEHB3
     /tmp/ccORtmMU.s:270    .text:000000000000016c .LEHE3
GAS LISTING /tmp/ccORtmMU.s 			page 33


     /tmp/ccORtmMU.s:310    .text:00000000000001b0 .L14
     /tmp/ccORtmMU.s:307    .text:00000000000001a8 .LEHB4
     /tmp/ccORtmMU.s:320    .text:00000000000001cc .LEHE4
     /tmp/ccORtmMU.s:382    .text:00000000000001f4 .LEHB5
     /tmp/ccORtmMU.s:356    .text:00000000000001cc .LFB60
     /tmp/ccORtmMU.s:385    .text:00000000000001fc .LEHE5
     /tmp/ccORtmMU.s:396    .text:000000000000020c .LEHB6
     /tmp/ccORtmMU.s:444    .text:0000000000000294 .LEHE6
     /tmp/ccORtmMU.s:450    .text:00000000000002a0 .L24
     /tmp/ccORtmMU.s:460    .text:00000000000002b4 .LEHB7
     /tmp/ccORtmMU.s:463    .text:00000000000002bc .LEHE7
     /tmp/ccORtmMU.s:3022   .debug_abbrev:0000000000000000 .Ldebug_abbrev0
     /tmp/ccORtmMU.s:5112   .debug_str:0000000000000a05 .LASF216
     /tmp/ccORtmMU.s:4898   .debug_str:000000000000045f .LASF217
     /tmp/ccORtmMU.s:4868   .debug_str:0000000000000350 .LASF218
     /tmp/ccORtmMU.s:5      .text:0000000000000000 .Ltext0
     /tmp/ccORtmMU.s:801    .text:0000000000000430 .Letext0
     /tmp/ccORtmMU.s:4758   .debug_line:0000000000000000 .Ldebug_line0
     /tmp/ccORtmMU.s:4900   .debug_str:000000000000046b .LASF0
     /tmp/ccORtmMU.s:4936   .debug_str:0000000000000582 .LASF1
     /tmp/ccORtmMU.s:5034   .debug_str:0000000000000814 .LASF2
     /tmp/ccORtmMU.s:5042   .debug_str:0000000000000854 .LASF4
     /tmp/ccORtmMU.s:4914   .debug_str:00000000000004dc .LASF3
     /tmp/ccORtmMU.s:4772   .debug_str:000000000000006b .LASF5
     /tmp/ccORtmMU.s:5006   .debug_str:0000000000000761 .LASF6
     /tmp/ccORtmMU.s:4998   .debug_str:0000000000000712 .LASF7
     /tmp/ccORtmMU.s:4930   .debug_str:0000000000000557 .LASF8
     /tmp/ccORtmMU.s:4872   .debug_str:0000000000000368 .LASF9
     /tmp/ccORtmMU.s:4880   .debug_str:00000000000003b4 .LASF10
     /tmp/ccORtmMU.s:4810   .debug_str:0000000000000198 .LASF11
     /tmp/ccORtmMU.s:4860   .debug_str:000000000000031f .LASF12
     /tmp/ccORtmMU.s:4826   .debug_str:000000000000020c .LASF13
     /tmp/ccORtmMU.s:4808   .debug_str:0000000000000188 .LASF14
     /tmp/ccORtmMU.s:5082   .debug_str:0000000000000952 .LASF15
     /tmp/ccORtmMU.s:4846   .debug_str:000000000000029f .LASF16
     /tmp/ccORtmMU.s:5068   .debug_str:00000000000008ea .LASF17
     /tmp/ccORtmMU.s:4870   .debug_str:000000000000035e .LASF21
     /tmp/ccORtmMU.s:5092   .debug_str:000000000000097d .LASF18
     /tmp/ccORtmMU.s:5116   .debug_str:0000000000000ad9 .LASF19
     /tmp/ccORtmMU.s:5188   .debug_str:0000000000000cd7 .LASF219
     /tmp/ccORtmMU.s:4890   .debug_str:0000000000000407 .LASF220
     /tmp/ccORtmMU.s:4884   .debug_str:00000000000003d4 .LASF20
     /tmp/ccORtmMU.s:4876   .debug_str:0000000000000383 .LASF147
     /tmp/ccORtmMU.s:4948   .debug_str:00000000000005fc .LASF25
     /tmp/ccORtmMU.s:5192   .debug_str:0000000000000cf3 .LASF27
     /tmp/ccORtmMU.s:5154   .debug_str:0000000000000c19 .LASF22
     /tmp/ccORtmMU.s:5140   .debug_str:0000000000000ba6 .LASF26
     /tmp/ccORtmMU.s:4934   .debug_str:000000000000057d .LASF23
     /tmp/ccORtmMU.s:4812   .debug_str:00000000000001a7 .LASF24
     /tmp/ccORtmMU.s:5196   .debug_str:0000000000000d27 .LASF28
     /tmp/ccORtmMU.s:5076   .debug_str:000000000000092c .LASF29
     /tmp/ccORtmMU.s:4972   .debug_str:000000000000069f .LASF30
     /tmp/ccORtmMU.s:4966   .debug_str:000000000000067b .LASF31
     /tmp/ccORtmMU.s:5070   .debug_str:0000000000000900 .LASF36
     /tmp/ccORtmMU.s:4856   .debug_str:0000000000000302 .LASF33
     /tmp/ccORtmMU.s:5036   .debug_str:0000000000000822 .LASF221
     /tmp/ccORtmMU.s:5024   .debug_str:00000000000007d5 .LASF222
GAS LISTING /tmp/ccORtmMU.s 			page 34


     /tmp/ccORtmMU.s:4842   .debug_str:000000000000027e .LASF32
     /tmp/ccORtmMU.s:4844   .debug_str:0000000000000286 .LASF34
     /tmp/ccORtmMU.s:5028   .debug_str:00000000000007f7 .LASF35
     /tmp/ccORtmMU.s:4800   .debug_str:0000000000000136 .LASF37
     /tmp/ccORtmMU.s:4950   .debug_str:0000000000000601 .LASF38
     /tmp/ccORtmMU.s:4848   .debug_str:00000000000002b5 .LASF39
     /tmp/ccORtmMU.s:4994   .debug_str:00000000000006fe .LASF40
     /tmp/ccORtmMU.s:5156   .debug_str:0000000000000c23 .LASF41
     /tmp/ccORtmMU.s:5212   .debug_str:0000000000000dcb .LASF42
     /tmp/ccORtmMU.s:5194   .debug_str:0000000000000d0c .LASF43
     /tmp/ccORtmMU.s:5056   .debug_str:00000000000008ab .LASF44
     /tmp/ccORtmMU.s:4928   .debug_str:000000000000053a .LASF45
     /tmp/ccORtmMU.s:5020   .debug_str:00000000000007c6 .LASF46
     /tmp/ccORtmMU.s:4766   .debug_str:000000000000001d .LASF47
     /tmp/ccORtmMU.s:4764   .debug_str:0000000000000017 .LASF48
     /tmp/ccORtmMU.s:5214   .debug_str:0000000000000dd5 .LASF49
     /tmp/ccORtmMU.s:4952   .debug_str:0000000000000609 .LASF50
     /tmp/ccORtmMU.s:4940   .debug_str:00000000000005ab .LASF51
     /tmp/ccORtmMU.s:5088   .debug_str:000000000000096a .LASF52
     /tmp/ccORtmMU.s:5090   .debug_str:0000000000000972 .LASF53
     /tmp/ccORtmMU.s:4968   .debug_str:0000000000000680 .LASF54
     /tmp/ccORtmMU.s:4790   .debug_str:00000000000000f4 .LASF55
     /tmp/ccORtmMU.s:5130   .debug_str:0000000000000b45 .LASF56
     /tmp/ccORtmMU.s:5094   .debug_str:0000000000000991 .LASF57
     /tmp/ccORtmMU.s:4822   .debug_str:00000000000001ed .LASF58
     /tmp/ccORtmMU.s:5172   .debug_str:0000000000000c74 .LASF59
     /tmp/ccORtmMU.s:4804   .debug_str:0000000000000159 .LASF60
     /tmp/ccORtmMU.s:5134   .debug_str:0000000000000b74 .LASF61
     /tmp/ccORtmMU.s:4782   .debug_str:00000000000000b2 .LASF62
     /tmp/ccORtmMU.s:5014   .debug_str:0000000000000792 .LASF63
     /tmp/ccORtmMU.s:5104   .debug_str:00000000000009c3 .LASF64
     /tmp/ccORtmMU.s:5046   .debug_str:0000000000000860 .LASF65
     /tmp/ccORtmMU.s:4806   .debug_str:000000000000016e .LASF66
     /tmp/ccORtmMU.s:5122   .debug_str:0000000000000b02 .LASF67
     /tmp/ccORtmMU.s:5206   .debug_str:0000000000000d99 .LASF68
     /tmp/ccORtmMU.s:4942   .debug_str:00000000000005ce .LASF69
     /tmp/ccORtmMU.s:5142   .debug_str:0000000000000bab .LASF70
     /tmp/ccORtmMU.s:4796   .debug_str:0000000000000116 .LASF71
     /tmp/ccORtmMU.s:5038   .debug_str:000000000000082c .LASF72
     /tmp/ccORtmMU.s:4996   .debug_str:000000000000070a .LASF73
     /tmp/ccORtmMU.s:5186   .debug_str:0000000000000cc5 .LASF74
     /tmp/ccORtmMU.s:5102   .debug_str:00000000000009b8 .LASF75
     /tmp/ccORtmMU.s:4938   .debug_str:0000000000000595 .LASF76
     /tmp/ccORtmMU.s:4986   .debug_str:00000000000006da .LASF77
     /tmp/ccORtmMU.s:5072   .debug_str:0000000000000913 .LASF78
     /tmp/ccORtmMU.s:4802   .debug_str:0000000000000153 .LASF85
     /tmp/ccORtmMU.s:5114   .debug_str:0000000000000ac9 .LASF87
     /tmp/ccORtmMU.s:5080   .debug_str:0000000000000945 .LASF79
     /tmp/ccORtmMU.s:5144   .debug_str:0000000000000bc4 .LASF80
     /tmp/ccORtmMU.s:4988   .debug_str:00000000000006e1 .LASF223
     /tmp/ccORtmMU.s:5108   .debug_str:00000000000009f0 .LASF81
     /tmp/ccORtmMU.s:5044   .debug_str:000000000000085b .LASF82
     /tmp/ccORtmMU.s:4770   .debug_str:000000000000005f .LASF83
     /tmp/ccORtmMU.s:5054   .debug_str:000000000000089a .LASF84
     /tmp/ccORtmMU.s:4836   .debug_str:000000000000025f .LASF86
     /tmp/ccORtmMU.s:4816   .debug_str:00000000000001bf .LASF88
     /tmp/ccORtmMU.s:5026   .debug_str:00000000000007ec .LASF89
GAS LISTING /tmp/ccORtmMU.s 			page 35


     /tmp/ccORtmMU.s:4818   .debug_str:00000000000001d2 .LASF93
     /tmp/ccORtmMU.s:4956   .debug_str:000000000000061f .LASF90
     /tmp/ccORtmMU.s:4888   .debug_str:00000000000003e4 .LASF91
     /tmp/ccORtmMU.s:4978   .debug_str:00000000000006b7 .LASF92
     /tmp/ccORtmMU.s:5200   .debug_str:0000000000000d5e .LASF94
     /tmp/ccORtmMU.s:4762   .debug_str:0000000000000012 .LASF95
     /tmp/ccORtmMU.s:5062   .debug_str:00000000000008d0 .LASF96
     /tmp/ccORtmMU.s:5126   .debug_str:0000000000000b28 .LASF97
     /tmp/ccORtmMU.s:5118   .debug_str:0000000000000ae9 .LASF98
     /tmp/ccORtmMU.s:5120   .debug_str:0000000000000af3 .LASF99
     /tmp/ccORtmMU.s:5066   .debug_str:00000000000008e1 .LASF100
     /tmp/ccORtmMU.s:4980   .debug_str:00000000000006c2 .LASF101
     /tmp/ccORtmMU.s:5064   .debug_str:00000000000008d6 .LASF102
     /tmp/ccORtmMU.s:4852   .debug_str:00000000000002ec .LASF103
     /tmp/ccORtmMU.s:4824   .debug_str:0000000000000203 .LASF104
     /tmp/ccORtmMU.s:5086   .debug_str:0000000000000965 .LASF105
     /tmp/ccORtmMU.s:5204   .debug_str:0000000000000d91 .LASF106
     /tmp/ccORtmMU.s:4798   .debug_str:0000000000000128 .LASF224
     /tmp/ccORtmMU.s:4944   .debug_str:00000000000005db .LASF225
     /tmp/ccORtmMU.s:4828   .debug_str:000000000000021c .LASF107
     /tmp/ccORtmMU.s:4768   .debug_str:0000000000000037 .LASF108
     /tmp/ccORtmMU.s:5040   .debug_str:0000000000000849 .LASF109
     /tmp/ccORtmMU.s:5180   .debug_str:0000000000000ca4 .LASF110
     /tmp/ccORtmMU.s:5008   .debug_str:0000000000000768 .LASF226
     /tmp/ccORtmMU.s:4982   .debug_str:00000000000006ca .LASF111
     /tmp/ccORtmMU.s:4760   .debug_str:0000000000000000 .LASF112
     /tmp/ccORtmMU.s:4874   .debug_str:0000000000000378 .LASF113
     /tmp/ccORtmMU.s:5176   .debug_str:0000000000000c86 .LASF114
     /tmp/ccORtmMU.s:4838   .debug_str:0000000000000268 .LASF115
     /tmp/ccORtmMU.s:5106   .debug_str:00000000000009db .LASF116
     /tmp/ccORtmMU.s:5084   .debug_str:000000000000095e .LASF117
     /tmp/ccORtmMU.s:5052   .debug_str:0000000000000883 .LASF118
     /tmp/ccORtmMU.s:5182   .debug_str:0000000000000caf .LASF119
     /tmp/ccORtmMU.s:4910   .debug_str:00000000000004af .LASF120
     /tmp/ccORtmMU.s:4866   .debug_str:0000000000000347 .LASF121
     /tmp/ccORtmMU.s:5124   .debug_str:0000000000000b0f .LASF122
     /tmp/ccORtmMU.s:4984   .debug_str:00000000000006d4 .LASF123
     /tmp/ccORtmMU.s:4894   .debug_str:0000000000000431 .LASF124
     /tmp/ccORtmMU.s:5190   .debug_str:0000000000000ceb .LASF125
     /tmp/ccORtmMU.s:4780   .debug_str:000000000000009a .LASF126
     /tmp/ccORtmMU.s:4776   .debug_str:000000000000007d .LASF127
     /tmp/ccORtmMU.s:5202   .debug_str:0000000000000d79 .LASF128
     /tmp/ccORtmMU.s:5178   .debug_str:0000000000000c98 .LASF129
     /tmp/ccORtmMU.s:4992   .debug_str:00000000000006f7 .LASF130
     /tmp/ccORtmMU.s:5098   .debug_str:00000000000009a2 .LASF131
     /tmp/ccORtmMU.s:5158   .debug_str:0000000000000c41 .LASF132
     /tmp/ccORtmMU.s:5146   .debug_str:0000000000000be4 .LASF227
     /tmp/ccORtmMU.s:4854   .debug_str:00000000000002f6 .LASF133
     /tmp/ccORtmMU.s:5110   .debug_str:00000000000009f8 .LASF134
     /tmp/ccORtmMU.s:4830   .debug_str:000000000000022a .LASF135
     /tmp/ccORtmMU.s:4886   .debug_str:00000000000003d9 .LASF136
     /tmp/ccORtmMU.s:4896   .debug_str:0000000000000447 .LASF137
     /tmp/ccORtmMU.s:5002   .debug_str:000000000000072d .LASF138
     /tmp/ccORtmMU.s:4924   .debug_str:000000000000050e .LASF139
     /tmp/ccORtmMU.s:5170   .debug_str:0000000000000c65 .LASF140
     /tmp/ccORtmMU.s:4878   .debug_str:0000000000000398 .LASF141
     /tmp/ccORtmMU.s:5050   .debug_str:0000000000000875 .LASF142
GAS LISTING /tmp/ccORtmMU.s 			page 36


     /tmp/ccORtmMU.s:4850   .debug_str:00000000000002d1 .LASF143
     /tmp/ccORtmMU.s:4904   .debug_str:0000000000000488 .LASF144
     /tmp/ccORtmMU.s:5148   .debug_str:0000000000000bf3 .LASF145
     /tmp/ccORtmMU.s:5136   .debug_str:0000000000000b82 .LASF146
     /tmp/ccORtmMU.s:5128   .debug_str:0000000000000b30 .LASF148
     /tmp/ccORtmMU.s:5030   .debug_str:0000000000000800 .LASF149
     /tmp/ccORtmMU.s:4778   .debug_str:0000000000000085 .LASF150
     /tmp/ccORtmMU.s:5010   .debug_str:000000000000077d .LASF151
     /tmp/ccORtmMU.s:5016   .debug_str:000000000000079f .LASF152
     /tmp/ccORtmMU.s:4976   .debug_str:00000000000006b0 .LASF153
     /tmp/ccORtmMU.s:4932   .debug_str:000000000000056a .LASF154
     /tmp/ccORtmMU.s:5174   .debug_str:0000000000000c7e .LASF155
     /tmp/ccORtmMU.s:5078   .debug_str:0000000000000931 .LASF156
     /tmp/ccORtmMU.s:4970   .debug_str:0000000000000697 .LASF157
     /tmp/ccORtmMU.s:4862   .debug_str:000000000000032e .LASF158
     /tmp/ccORtmMU.s:4946   .debug_str:00000000000005f4 .LASF159
     /tmp/ccORtmMU.s:5018   .debug_str:00000000000007b2 .LASF160
     /tmp/ccORtmMU.s:5208   .debug_str:0000000000000db2 .LASF161
     /tmp/ccORtmMU.s:4908   .debug_str:000000000000049b .LASF162
     /tmp/ccORtmMU.s:5162   .debug_str:0000000000000c51 .LASF163
     /tmp/ccORtmMU.s:4990   .debug_str:00000000000006e6 .LASF164
     /tmp/ccORtmMU.s:5164   .debug_str:0000000000000c56 .LASF165
     /tmp/ccORtmMU.s:4916   .debug_str:00000000000004ee .LASF166
     /tmp/ccORtmMU.s:5166   .debug_str:0000000000000c5b .LASF167
     /tmp/ccORtmMU.s:4834   .debug_str:000000000000024e .LASF168
     /tmp/ccORtmMU.s:5168   .debug_str:0000000000000c60 .LASF169
     /tmp/ccORtmMU.s:5210   .debug_str:0000000000000dba .LASF170
     /tmp/ccORtmMU.s:4918   .debug_str:00000000000004ff .LASF171
     /tmp/ccORtmMU.s:4962   .debug_str:0000000000000654 .LASF172
     /tmp/ccORtmMU.s:4920   .debug_str:0000000000000504 .LASF173
     /tmp/ccORtmMU.s:4794   .debug_str:0000000000000105 .LASF174
     /tmp/ccORtmMU.s:4922   .debug_str:0000000000000509 .LASF175
     /tmp/ccORtmMU.s:5100   .debug_str:00000000000009a7 .LASF176
     /tmp/ccORtmMU.s:4788   .debug_str:00000000000000ef .LASF177
     /tmp/ccORtmMU.s:4840   .debug_str:000000000000026d .LASF178
     /tmp/ccORtmMU.s:5048   .debug_str:000000000000086e .LASF179
     /tmp/ccORtmMU.s:4814   .debug_str:00000000000001ac .LASF180
     /tmp/ccORtmMU.s:5022   .debug_str:00000000000007cf .LASF181
     /tmp/ccORtmMU.s:4892   .debug_str:000000000000041f .LASF182
     /tmp/ccORtmMU.s:4906   .debug_str:0000000000000495 .LASF183
     /tmp/ccORtmMU.s:4882   .debug_str:00000000000003c2 .LASF184
     /tmp/ccORtmMU.s:4774   .debug_str:0000000000000072 .LASF185
     /tmp/ccORtmMU.s:5132   .debug_str:0000000000000b5c .LASF186
     /tmp/ccORtmMU.s:5032   .debug_str:0000000000000809 .LASF187
     /tmp/ccORtmMU.s:5198   .debug_str:0000000000000d46 .LASF188
     /tmp/ccORtmMU.s:5160   .debug_str:0000000000000c47 .LASF189
     /tmp/ccORtmMU.s:4912   .debug_str:00000000000004c6 .LASF190
     /tmp/ccORtmMU.s:4926   .debug_str:0000000000000530 .LASF191
     /tmp/ccORtmMU.s:4964   .debug_str:0000000000000665 .LASF192
     /tmp/ccORtmMU.s:4954   .debug_str:000000000000061a .LASF193
     /tmp/ccORtmMU.s:4786   .debug_str:00000000000000de .LASF194
     /tmp/ccORtmMU.s:4974   .debug_str:00000000000006a4 .LASF195
     /tmp/ccORtmMU.s:5138   .debug_str:0000000000000b8b .LASF196
     /tmp/ccORtmMU.s:4864   .debug_str:0000000000000342 .LASF197
     /tmp/ccORtmMU.s:5004   .debug_str:0000000000000742 .LASF199
     /tmp/ccORtmMU.s:4792   .debug_str:0000000000000100 .LASF198
     /tmp/ccORtmMU.s:4784   .debug_str:00000000000000cb .LASF200
GAS LISTING /tmp/ccORtmMU.s 			page 37


     /tmp/ccORtmMU.s:5058   .debug_str:00000000000008b6 .LASF201
     /tmp/ccORtmMU.s:549    .text:000000000000030c .LFB62
     /tmp/ccORtmMU.s:779    .text:0000000000000430 .LFE62
     /tmp/ccORtmMU.s:4302   .debug_loc:0000000000000000 .LLST15
     /tmp/ccORtmMU.s:5012   .debug_str:0000000000000784 .LASF202
     /tmp/ccORtmMU.s:628    .text:0000000000000370 .LBB53
     /tmp/ccORtmMU.s:717    .text:00000000000003e4 .LBE53
     /tmp/ccORtmMU.s:4313   .debug_loc:0000000000000036 .LLST19
     /tmp/ccORtmMU.s:4738   .debug_ranges:0000000000000000 .Ldebug_ranges0
     /tmp/ccORtmMU.s:5074   .debug_str:0000000000000924 .LASF203
     /tmp/ccORtmMU.s:4325   .debug_loc:000000000000006d .LLST20
     /tmp/ccORtmMU.s:636    .text:0000000000000378 .LBB55
     /tmp/ccORtmMU.s:4336   .debug_loc:00000000000000a3 .LLST21
     /tmp/ccORtmMU.s:4347   .debug_loc:00000000000000d9 .LLST22
     /tmp/ccORtmMU.s:4358   .debug_loc:000000000000010f .LLST23
     /tmp/ccORtmMU.s:642    .text:0000000000000384 .LBB57
     /tmp/ccORtmMU.s:649    .text:000000000000038c .LBE57
     /tmp/ccORtmMU.s:4369   .debug_loc:0000000000000145 .LLST24
     /tmp/ccORtmMU.s:4377   .debug_loc:0000000000000169 .LLST25
     /tmp/ccORtmMU.s:4384   .debug_loc:000000000000018c .LLST26
     /tmp/ccORtmMU.s:641    .text:0000000000000384 .LVL58
     /tmp/ccORtmMU.s:688    .text:00000000000003c4 .LBB60
     /tmp/ccORtmMU.s:695    .text:00000000000003c8 .LBE60
     /tmp/ccORtmMU.s:4391   .debug_loc:00000000000001af .LLST27
     /tmp/ccORtmMU.s:4399   .debug_loc:00000000000001d3 .LLST28
     /tmp/ccORtmMU.s:673    .text:00000000000003ac .LVL62
     /tmp/ccORtmMU.s:702    .text:00000000000003d4 .LVL66
     /tmp/ccORtmMU.s:568    .text:0000000000000328 .LBB48
     /tmp/ccORtmMU.s:592    .text:0000000000000348 .LBE48
     /tmp/ccORtmMU.s:4406   .debug_loc:00000000000001f6 .LLST16
     /tmp/ccORtmMU.s:4413   .debug_loc:0000000000000219 .LLST17
     /tmp/ccORtmMU.s:617    .text:0000000000000368 .LBB50
     /tmp/ccORtmMU.s:626    .text:0000000000000370 .LBE50
     /tmp/ccORtmMU.s:4425   .debug_loc:0000000000000250 .LLST18
     /tmp/ccORtmMU.s:722    .text:00000000000003e8 .LBB64
     /tmp/ccORtmMU.s:4432   .debug_loc:0000000000000273 .LLST29
     /tmp/ccORtmMU.s:4443   .debug_loc:00000000000002a9 .LLST30
     /tmp/ccORtmMU.s:4450   .debug_loc:00000000000002cc .LLST31
     /tmp/ccORtmMU.s:736    .text:0000000000000400 .LVL72
     /tmp/ccORtmMU.s:747    .text:000000000000040c .LBB67
     /tmp/ccORtmMU.s:770    .text:0000000000000428 .LBE67
     /tmp/ccORtmMU.s:4457   .debug_loc:00000000000002ef .LLST32
     /tmp/ccORtmMU.s:4464   .debug_loc:0000000000000312 .LLST33
     /tmp/ccORtmMU.s:4475   .debug_loc:0000000000000348 .LLST34
     /tmp/ccORtmMU.s:743    .text:000000000000040c .LVL73
     /tmp/ccORtmMU.s:510    .text:00000000000002dc .LFB61
     /tmp/ccORtmMU.s:543    .text:000000000000030c .LFE61
     /tmp/ccORtmMU.s:5000   .debug_str:0000000000000725 .LASF204
     /tmp/ccORtmMU.s:4487   .debug_loc:000000000000037f .LLST14
     /tmp/ccORtmMU.s:485    .text:00000000000002dc .LFE60
     /tmp/ccORtmMU.s:4501   .debug_loc:00000000000003b8 .LLST9
     /tmp/ccORtmMU.s:4530   .debug_loc:000000000000042d .LLST10
     /tmp/ccORtmMU.s:388    .text:0000000000000200 .LBB46
     /tmp/ccORtmMU.s:454    .text:00000000000002a4 .LBE46
     /tmp/ccORtmMU.s:4548   .debug_loc:0000000000000479 .LLST11
     /tmp/ccORtmMU.s:4562   .debug_loc:00000000000004b2 .LLST12
     /tmp/ccORtmMU.s:4587   .debug_loc:0000000000000514 .LLST13
GAS LISTING /tmp/ccORtmMU.s 			page 38


     /tmp/ccORtmMU.s:398    .text:0000000000000214 .LVL38
     /tmp/ccORtmMU.s:443    .text:0000000000000294 .LVL39
     /tmp/ccORtmMU.s:384    .text:00000000000001fc .LVL36
     /tmp/ccORtmMU.s:458    .text:00000000000002b0 .LVL41
     /tmp/ccORtmMU.s:462    .text:00000000000002bc .LVL42
     /tmp/ccORtmMU.s:43     .text:0000000000000024 .LFB59
     /tmp/ccORtmMU.s:105    .text:0000000000000080 .LFE59
     /tmp/ccORtmMU.s:66     .text:0000000000000050 .LBB33
     /tmp/ccORtmMU.s:71     .text:0000000000000050 .LBE33
     /tmp/ccORtmMU.s:80     .text:000000000000005c .LBB35
     /tmp/ccORtmMU.s:88     .text:0000000000000064 .LBE35
     /tmp/ccORtmMU.s:4598   .debug_loc:000000000000054a .LLST0
     /tmp/ccORtmMU.s:4606   .debug_loc:000000000000056e .LLST1
     /tmp/ccORtmMU.s:59     .text:0000000000000040 .LVL0
     /tmp/ccORtmMU.s:92     .text:000000000000006c .LVL5
     /tmp/ccORtmMU.s:322    .text:00000000000001cc .LFE58
     /tmp/ccORtmMU.s:4613   .debug_loc:0000000000000591 .LLST7
     /tmp/ccORtmMU.s:4636   .debug_loc:00000000000005f1 .LLST8
     /tmp/ccORtmMU.s:248    .text:000000000000013c .LVL21
     /tmp/ccORtmMU.s:254    .text:000000000000014c .LVL22
     /tmp/ccORtmMU.s:263    .text:000000000000015c .LVL23
     /tmp/ccORtmMU.s:269    .text:000000000000016c .LVL24
     /tmp/ccORtmMU.s:305    .text:00000000000001a4 .LVL29
     /tmp/ccORtmMU.s:309    .text:00000000000001b0 .LVL30
     /tmp/ccORtmMU.s:316    .text:00000000000001c0 .LVL32
     /tmp/ccORtmMU.s:319    .text:00000000000001cc .LVL33
     /tmp/ccORtmMU.s:111    .text:0000000000000080 .LFB57
     /tmp/ccORtmMU.s:214    .text:000000000000010c .LFE57
     /tmp/ccORtmMU.s:4676   .debug_loc:000000000000068f .LLST2
     /tmp/ccORtmMU.s:4687   .debug_loc:00000000000006c5 .LLST3
     /tmp/ccORtmMU.s:139    .text:00000000000000b0 .LBB37
     /tmp/ccORtmMU.s:147    .text:00000000000000b8 .LBE37
     /tmp/ccORtmMU.s:4702   .debug_loc:000000000000070e .LLST4
     /tmp/ccORtmMU.s:151    .text:00000000000000bc .LBB39
     /tmp/ccORtmMU.s:158    .text:00000000000000c0 .LBE39
     /tmp/ccORtmMU.s:4709   .debug_loc:0000000000000731 .LLST5
     /tmp/ccORtmMU.s:168    .text:00000000000000cc .LBB41
     /tmp/ccORtmMU.s:181    .text:00000000000000d4 .LBE41
     /tmp/ccORtmMU.s:4716   .debug_loc:0000000000000754 .LLST6
     /tmp/ccORtmMU.s:133    .text:00000000000000a8 .LVL7
     /tmp/ccORtmMU.s:187    .text:00000000000000e4 .LVL15
     /tmp/ccORtmMU.s:211    .text:0000000000000108 .LVL18
     /tmp/ccORtmMU.s:10     .text:0000000000000000 .LFB56
     /tmp/ccORtmMU.s:37     .text:0000000000000024 .LFE56
     /tmp/ccORtmMU.s:5060   .debug_str:00000000000008bb .LASF205
     /tmp/ccORtmMU.s:4820   .debug_str:00000000000001e8 .LASF206
     /tmp/ccORtmMU.s:5150   .debug_str:0000000000000c0d .LASF207
     /tmp/ccORtmMU.s:4858   .debug_str:0000000000000319 .LASF208
     /tmp/ccORtmMU.s:4958   .debug_str:0000000000000637 .LASF210
     /tmp/ccORtmMU.s:5152   .debug_str:0000000000000c12 .LASF209
     /tmp/ccORtmMU.s:4902   .debug_str:0000000000000478 .LASF211
     /tmp/ccORtmMU.s:5096   .debug_str:000000000000099c .LASF212
     /tmp/ccORtmMU.s:4960   .debug_str:0000000000000644 .LASF213
     /tmp/ccORtmMU.s:5184   .debug_str:0000000000000cb6 .LASF214
     /tmp/ccORtmMU.s:4832   .debug_str:0000000000000236 .LASF215
     /tmp/ccORtmMU.s:589    .text:0000000000000348 .LVL53
     /tmp/ccORtmMU.s:607    .text:000000000000035c .LVL54
GAS LISTING /tmp/ccORtmMU.s 			page 39


     /tmp/ccORtmMU.s:613    .text:0000000000000368 .LVL55
     /tmp/ccORtmMU.s:623    .text:0000000000000370 .LVL56
     /tmp/ccORtmMU.s:632    .text:0000000000000378 .LVL57
     /tmp/ccORtmMU.s:665    .text:00000000000003a0 .LVL61
     /tmp/ccORtmMU.s:675    .text:00000000000003b0 .LVL63
     /tmp/ccORtmMU.s:712    .text:00000000000003e4 .LVL68
     /tmp/ccORtmMU.s:658    .text:000000000000039c .LVL60
     /tmp/ccORtmMU.s:704    .text:00000000000003d8 .LVL67
     /tmp/ccORtmMU.s:647    .text:000000000000038c .LVL59
     /tmp/ccORtmMU.s:687    .text:00000000000003c4 .LVL64
     /tmp/ccORtmMU.s:693    .text:00000000000003c8 .LVL65
     /tmp/ccORtmMU.s:574    .text:0000000000000334 .LVL49
     /tmp/ccORtmMU.s:577    .text:0000000000000338 .LVL50
     /tmp/ccORtmMU.s:583    .text:0000000000000340 .LVL51
     /tmp/ccORtmMU.s:721    .text:00000000000003e8 .LVL69
     /tmp/ccORtmMU.s:767    .text:0000000000000428 .LVL78
     /tmp/ccORtmMU.s:726    .text:00000000000003ec .LVL70
     /tmp/ccORtmMU.s:733    .text:00000000000003f8 .LVL71
     /tmp/ccORtmMU.s:751    .text:0000000000000410 .LVL74
     /tmp/ccORtmMU.s:755    .text:0000000000000418 .LVL75
     /tmp/ccORtmMU.s:761    .text:0000000000000420 .LVL76
     /tmp/ccORtmMU.s:513    .text:00000000000002dc .LVL46
     /tmp/ccORtmMU.s:532    .text:0000000000000300 .LVL47
     /tmp/ccORtmMU.s:361    .text:00000000000001cc .LVL34
     /tmp/ccORtmMU.s:381    .text:00000000000001f4 .LVL35
     /tmp/ccORtmMU.s:452    .text:00000000000002a4 .LVL40
     /tmp/ccORtmMU.s:477    .text:00000000000002d0 .LVL44
     /tmp/ccORtmMU.s:480    .text:00000000000002d4 .LVL45
     /tmp/ccORtmMU.s:387    .text:0000000000000200 .LVL37
     /tmp/ccORtmMU.s:474    .text:00000000000002cc .LVL43
     /tmp/ccORtmMU.s:79     .text:000000000000005c .LVL3
     /tmp/ccORtmMU.s:86     .text:0000000000000064 .LVL4
     /tmp/ccORtmMU.s:225    .text:000000000000010c .LVL19
     /tmp/ccORtmMU.s:245    .text:0000000000000134 .LVL20
     /tmp/ccORtmMU.s:291    .text:0000000000000188 .LVL26
     /tmp/ccORtmMU.s:297    .text:0000000000000194 .LVL27
     /tmp/ccORtmMU.s:288    .text:0000000000000184 .LVL25
     /tmp/ccORtmMU.s:301    .text:0000000000000198 .LVL28
     /tmp/ccORtmMU.s:312    .text:00000000000001b4 .LVL31
     /tmp/ccORtmMU.s:129    .text:00000000000000a0 .LVL6
     /tmp/ccORtmMU.s:200    .text:00000000000000f4 .LVL16
     /tmp/ccORtmMU.s:204    .text:00000000000000fc .LVL17
     /tmp/ccORtmMU.s:161    .text:00000000000000c4 .LVL12
     /tmp/ccORtmMU.s:138    .text:00000000000000b0 .LVL8
     /tmp/ccORtmMU.s:145    .text:00000000000000b8 .LVL9
     /tmp/ccORtmMU.s:150    .text:00000000000000bc .LVL10
     /tmp/ccORtmMU.s:156    .text:00000000000000c0 .LVL11
     /tmp/ccORtmMU.s:167    .text:00000000000000cc .LVL13
     /tmp/ccORtmMU.s:178    .text:00000000000000d4 .LVL14
     /tmp/ccORtmMU.s:808    .debug_info:0000000000000000 .Ldebug_info0
     /tmp/ccORtmMU.s:634    .text:0000000000000378 .LBB54
     /tmp/ccORtmMU.s:662    .text:000000000000039c .LBE54
     /tmp/ccORtmMU.s:669    .text:00000000000003a4 .LBB63
     /tmp/ccORtmMU.s:716    .text:00000000000003e4 .LBE63
     /tmp/ccORtmMU.s:661    .text:000000000000039c .LBE55
     /tmp/ccORtmMU.s:706    .text:00000000000003d8 .LBB62
     /tmp/ccORtmMU.s:715    .text:00000000000003e4 .LBE62
GAS LISTING /tmp/ccORtmMU.s 			page 40


     /tmp/ccORtmMU.s:739    .text:0000000000000400 .LBE64
     /tmp/ccORtmMU.s:771    .text:0000000000000428 .LBB69
     /tmp/ccORtmMU.s:777    .text:0000000000000430 .LBE69
     /tmp/ccORtmMU.s:325    .gcc_except_table:0000000000000000 .LLSDA58
     /tmp/ccORtmMU.s:487    .gcc_except_table:0000000000000045 .LLSDA60

UNDEFINED SYMBOLS
_ZN5Riscv10popSppSpieEv
_ZN9Scheduler3getEv
_ZN3TCB13contextSwitchEPNS_7ContextES1_
_ZN9Scheduler3putEP3TCB
_Znwm
_ZN9SemKernelC1Ei
_ZdlPv
_Unwind_Resume
__gxx_personality_v0
_Znam
_ZN9Scheduler15sleepingThreadsE
_ZN9Scheduler4getSEv
_ZN9Scheduler4putSEP3TCB
